ID,price
845,2308671.8
1924,1019366.06
10718,1427042.2
12076,8804663.0
12254,1862379.4
9950,2904248.5
1548,2484742.2
526,1196699.9
6776,1013374.4
1851,1353110.0
9188,1867820.1
3382,3193795.0
242,2529180.0
6439,1835304.0
1561,2629222.5
5339,2396840.0
7387,2359201.8
11576,1891146.6
5984,4937665.5
4486,1758289.6
2205,929229.25
3468,1379979.5
4226,2263215.0
2088,2343828.0
2118,2755649.2
8036,1448761.2
23,1371171.5
1898,2064521.9
6976,2194705.2
1465,3282239.0
2040,1417836.1
482,1157136.9
5122,1869164.0
3447,1156032.8
12877,2458395.2
3780,1388371.4
1285,1659168.4
9200,2011164.5
921,3354954.2
3060,2766739.5
1082,981902.1
71,1871729.4
4464,1858212.4
4576,3621205.8
897,2823146.8
1756,866636.56
8745,2538838.5
806,1498203.2
803,1478703.4
7613,1613267.5
243,1314924.0
8135,1474783.9
1527,1999141.9
2825,1511280.8
666,1107572.4
12028,1688530.9
2308,1943005.9
11223,1586487.5
1479,872746.25
2057,2362339.8
2368,1004486.1
7638,2609066.5
432,2240523.8
9800,1414761.4
2140,3232086.2
837,1961711.8
3227,2116877.8
12412,2067379.4
10267,1651347.9
3850,3293889.8
382,4317510.5
1280,2329503.8
2226,4658838.5
4166,3413906.2
5208,2898160.0
4513,1688808.0
10814,3087372.5
3120,2931752.0
7915,1976538.4
3513,2237954.8
9041,1321086.9
561,1290275.8
11041,2979071.5
2920,2753087.8
2042,980438.0
10220,1823502.9
11511,2053578.9
8424,2968323.0
5801,2546795.5
10746,1323408.8
11018,1155420.1
816,630588.7
10413,1633370.5
4471,2763930.5
1928,2006090.5
323,1667254.9
11548,3013136.8
12564,2554160.2
5817,3439694.8
1030,1308900.1
3888,1811621.6
2427,1918116.8
5378,1721320.4
3701,1638031.8
4536,1688097.5
3799,2145342.2
9431,2292791.0
10878,1310072.6
2028,866385.25
5598,2176373.5
5828,6747387.0
2842,2073097.6
279,2133054.2
4812,2137983.8
11406,1859311.5
1086,1473005.1
2696,1301434.6
9220,1207375.1
1496,1189965.6
3737,1199898.1
12211,3669263.8
1556,1888600.9
1066,1407900.5
1836,1042390.4
10913,1090080.8
1868,1574988.8
12610,3561248.0
12146,1695064.1
2087,1413361.8
2916,2323897.8
10188,2963106.2
3253,1477030.0
9082,2569561.0
12493,1344972.6
5898,3453691.0
8409,2049128.2
5885,2009011.9
1101,931160.9
10071,1899214.9
11403,4621624.0
728,1262516.0
11647,3505545.8
1931,1860017.8
232,3152413.8
3988,1722251.6
9416,1802182.0
1866,1677363.1
5685,2509975.0
2779,2052103.2
3294,3227736.5
1471,2044204.6
2960,1247194.6
10447,2017531.5
1220,2142664.2
69,1703567.8
2002,4097469.8
2784,2350705.5
1911,2000032.5
3023,1517060.8
3394,1643841.4
5920,1304810.5
688,2631172.2
1511,1917413.9
3572,3469985.2
12401,1190913.1
10756,2365880.2
4007,1688367.2
3230,1225125.1
12240,3046664.5
10539,1844688.9
3226,3969657.0
2280,1121726.1
3650,2338996.0
8540,1416677.9
5847,1763714.4
6694,3751154.2
1336,1396853.5
2538,1964118.8
7185,3496084.2
8314,2513065.8
1204,882712.75
2020,1252461.1
2468,1516096.9
9909,1838514.4
7935,991311.9
1361,1709555.2
6138,1492978.8
1914,3978557.8
11090,1438770.1
9320,1605658.8
172,1742370.9
823,3176004.0
1189,1157503.4
3768,849294.44
2993,1910452.5
12873,1642988.0
1146,917479.25
19,1436920.1
2113,3045647.8
5132,2434903.0
11109,2268259.8
1562,1153551.1
337,1508220.0
1981,4895467.5
546,1397211.6
7428,2058617.8
230,966815.0
412,2729522.5
2205,882541.2
9114,2579521.2
1803,2356288.8
1571,2918721.8
12362,4183872.0
8109,1952050.2
3868,3386457.5
3013,2195757.8
1011,1045716.4
12983,3479979.5
116,1787878.1
3245,1646624.2
2253,4134371.0
10879,3107099.2
2246,1431874.8
11494,3097879.0
2259,2748131.5
2199,1670439.1
1692,1561946.2
5772,1627754.1
10182,2161858.5
5051,2482415.0
5033,5415264.0
11113,2266688.5
51,1999944.5
5129,1275332.9
1550,1729750.0
616,2858176.0
10151,2572124.2
6994,3889342.5
5738,2366077.8
5729,5608010.5
1122,807403.1
3406,1315644.9
2196,987311.7
3768,2459469.2
4432,2343532.8
2236,1154098.5
1743,2216109.5
2046,2167756.8
781,862011.9
1126,1113567.4
10472,2825912.0
3524,1753222.1
6922,1787397.9
6018,2211562.5
2973,2020999.5
8323,3712315.2
576,1446546.2
3118,1248389.5
5737,2832431.8
4642,4046469.2
8425,1665053.8
2245,4559872.0
12248,941326.4
2533,969588.06
3134,1137653.2
5871,2265355.5
9331,2801425.0
959,1742984.6
2753,2630280.2
2887,2202113.2
11710,2237028.8
5279,3492087.0
3249,1309580.2
9711,2382621.8
5061,2184854.2
2493,1968614.0
627,2373834.5
2618,1067290.2
4698,1278645.2
1575,2130855.8
425,821315.3
944,1450446.0
3508,1905206.6
3674,1568812.5
3351,824055.4
1348,653819.4
1421,1058435.9
9134,968357.3
6348,2439404.0
1277,2370625.5
1152,1081437.2
7783,2652796.2
29,2599208.2
11244,921862.0
5924,5898395.0
3001,4121119.5
4587,1693228.0
8303,3043492.8
2439,1578904.2
3060,3000125.2
8575,6246466.0
11031,1135307.4
2056,2702592.5
8657,1502600.4
7669,2481450.2
371,2032097.1
3985,1697046.5
279,1576726.1
2964,1682738.9
5411,1111336.8
4555,2543681.2
3310,2023689.2
2340,1131941.6
2139,1111371.2
578,1583908.2
2263,1062855.0
11168,3286184.0
8198,1675826.0
6174,2171052.5
7566,1145159.4
5106,3109549.2
1977,1797249.1
5663,2613897.8
1398,2205470.5
2207,1264492.0
1987,1062494.5
70,2009560.4
12282,4548459.5
5913,6137199.5
6506,1398644.8
3957,1984225.9
881,1086271.6
1599,913173.94
1989,4487584.0
1719,1436294.9
3669,1155625.1
7029,1738145.1
3537,3104395.0
8590,2467208.8
2974,2236939.2
431,4403569.5
12647,2844291.5
2062,3066203.2
8040,1758139.5
7744,2118249.5
6155,2480906.8
98,1707924.2
3514,1684391.2
776,1523302.5
3678,806402.0
2529,1105662.6
1806,1943981.5
6359,1329030.5
200,876388.1
1477,2451032.5
1679,2871954.8
2323,2057102.5
917,1248212.9
430,979192.0
3723,1106798.8
6665,1520359.1
2719,1130143.4
10429,1138429.8
428,1965187.1
3995,1446498.8
393,972386.1
2336,2243119.8
2107,1143400.2
1242,911805.44
7616,2455861.0
11586,3052575.0
762,1013374.4
1677,1614785.2
9356,1393313.5
4810,2814392.2
1643,2340552.2
1977,2195517.2
1102,1379979.5
2231,2805429.8
6369,1918182.1
8299,4182825.8
9088,2604267.5
12140,1477050.6
89,8360758.0
12948,3293450.8
2387,3373167.5
9454,3562270.8
10957,2679523.5
6075,1705734.6
2665,1429726.2
6511,2955218.5
3180,1514767.6
4079,3102368.5
7372,4265805.5
10509,1393848.1
3302,2271923.2
10714,1788571.8
1794,1530208.5
6467,1816434.9
10015,2105429.8
12005,2233680.0
11832,1238643.2
7524,2089540.9
680,2845815.5
376,4383979.5
8563,2288539.5
2826,906344.2
11426,3355443.5
6426,2378539.8
649,4937594.0
2190,2078855.9
11071,2588456.0
738,879835.4
3915,3526547.2
2056,1678997.5
11297,2051362.5
2113,2037728.4
1235,1066248.1
12351,2097111.4
995,957428.9
857,1593103.8
1559,1696489.2
7580,2394183.2
716,906214.25
3161,2268817.8
6287,2799540.5
3061,1600910.9
2715,1862562.4
8652,3005142.2
8978,1777709.6
11641,5162234.5
4811,2363274.8
132,2715883.5
3930,2107087.8
12963,3787668.8
3625,1050199.9
2256,1454737.8
11883,1702176.0
1393,4454304.5
778,2711181.2
333,1162227.6
2259,1312148.9
4898,3619987.8
975,935653.8
2130,2812259.0
12336,2243119.8
12354,3696799.0
1707,1222344.6
432,2103150.5
1815,1771917.9
12357,2037684.1
11140,3551035.2
9197,1572040.9
10500,3523500.8
12701,2665451.2
12111,3263948.0
11150,1730848.1
1933,2749537.0
4617,5986265.5
12312,3129123.5
7129,2343801.5
5744,3255614.8
3903,3661653.2
3017,3267872.8
8723,4351239.5
3629,1800370.2
2638,999827.2
1632,1559448.2
3922,1538365.1
2216,1002465.9
5267,5185613.5
11091,1427278.1
4964,2761740.8
678,1133266.0
4678,1336029.4
9836,1781777.9
8905,3386691.2
3150,1119498.1
1805,2416519.0
11262,2156290.5
8024,2904049.2
12988,1702866.8
1611,1409299.4
3466,1239718.6
2127,1173769.1
497,3139723.8
1647,1031428.7
2848,1042594.0
293,1897808.8
7256,2408632.8
9063,1760068.8
6441,2676387.2
47,2816747.8
5323,1277247.2
6487,1886146.5
1948,2012238.9
1659,2463267.0
1213,1362556.5
11663,2528644.2
3954,3121698.5
724,2171315.0
1930,1598352.6
7833,1056070.4
814,1937111.1
12190,1696910.8
4080,1794082.9
11344,2575167.5
272,1491638.6
10180,1031605.4
6099,3300019.5
5797,1869935.8
7476,2391762.2
833,2281430.2
5545,2149374.5
630,2204247.8
1502,1448762.0
12148,1952535.6
1605,1659735.4
2365,1188662.5
12494,1924044.6
6244,2722042.2
3130,1459367.9
1870,1830234.4
10144,1541964.5
3752,1170325.1
5798,3943749.2
1765,1569286.1
11929,4974359.0
3241,2470595.2
8324,3044863.8
2688,1070766.9
2912,1471059.4
6742,4522663.0
2694,2319888.0
5237,1041670.25
9138,2790263.2
1773,1451368.2
3607,1635361.9
3968,1787627.9
1140,2300182.8
9624,1071955.2
8311,2302115.5
202,4008281.5
2982,994782.9
180,2163732.0
3157,1374433.1
2959,1362609.4
1436,1383335.2
10813,3812667.2
7478,2200968.5
10467,2881046.8
5901,3560556.5
5981,1637269.6
8065,3568399.8
190,1058534.9
6240,2269129.5
1935,3344275.5
2952,965561.1
8170,2148069.8
710,1570656.4
667,995686.1
543,4157889.5
3688,905741.8
3302,2052564.6
664,1231478.0
7706,2390559.0
2076,3022326.2
2500,3990158.2
2020,1679534.9
1913,1424292.5
3160,3791828.5
11817,1527467.6
5955,1921490.2
4195,1443899.5
939,2445275.2
7386,1732060.1
12448,1675537.8
163,1528919.2
831,2039126.4
1634,1838514.4
495,1310160.2
3411,1779125.5
8095,1590886.4
2251,1568948.6
1891,1223305.9
7473,2191950.2
8557,1333868.4
5766,1941813.1
9849,2140622.5
12269,2228725.0
5402,3084779.8
3601,1987174.9
9895,1224621.5
3909,1327458.4
10595,2059513.1
460,4704974.5
2883,804694.06
2405,1013160.94
2969,1631806.2
268,1515409.1
558,2693260.8
10556,1578968.1
5476,2181626.8
8017,1769654.5
4865,2124710.8
11378,1954956.2
1364,2302697.5
3185,1803451.6
12622,1412608.4
1135,1632409.9
505,3299506.5
6459,1848983.6
10303,2545000.0
11899,1394550.9
3116,1117501.5
10073,2661031.8
3393,1460736.2
860,2208081.2
2410,1760008.1
5662,2498451.5
2210,1503265.2
500,2581486.2
1487,1428461.6
1971,1600154.8
9792,3552354.5
1768,1454671.5
1871,1046830.94
12803,2293716.5
3923,1525410.4
431,1157686.2
3151,1512572.1
4653,2572974.8
9918,4509461.5
134,3507819.2
6377,3200232.2
3233,4100296.8
1580,1079137.9
3384,2199167.2
7289,5299138.0
9381,1546091.2
12592,2578745.2
587,1777292.4
7607,3072457.8
6963,1973564.2
8521,2935463.2
10499,2949075.5
12036,2336651.8
7020,2520239.2
8743,3317817.8
12157,1920830.6
11239,1753970.6
3663,2961377.5
9637,3142458.5
8276,1485833.2
3010,6636476.5
2409,1644966.5
6257,1503566.5
2017,1367051.8
12678,3278051.2
6112,3604842.2
2189,971556.25
1080,1822414.1
2690,1341903.1
6163,2161972.2
5107,1616055.2
322,1027836.8
6522,3483375.5
2068,2830789.2
3792,1014330.4
2882,2251129.5
5589,1333931.5
5400,1623362.2
2114,1985355.2
111,2479503.2
4343,4359587.0
1712,3208510.2
548,679574.4
3872,905936.94
7453,1468181.5
3551,2707060.2
2332,1668114.2
1934,2581228.2
9736,2026702.0
1182,3067255.8
508,1464702.4
11486,3126733.5
8871,2391312.8
2011,1713011.6
4175,975063.6
1323,1384023.4
10789,3273673.5
6130,2679567.0
435,3049604.8
10805,1438131.4
3055,1715155.1
6164,1944400.4
5656,2387145.2
7336,2627353.5
4469,1947382.4
2136,1389479.2
5535,3112734.8
1231,2745792.5
11272,3242132.2
1021,1076955.4
2761,1405714.6
4704,1888602.4
2705,1417096.4
435,2802602.5
7989,4082906.2
2544,1465456.2
3767,1443459.6
7294,1720812.2
11474,1348113.6
2330,1835048.9
6619,1504279.5
6490,3006436.0
63,2604940.8
967,3325064.5
9740,2366711.5
1763,2176100.0
9782,2015316.1
2731,1447211.4
343,1591276.0
561,1199929.8
6501,1562316.5
10554,1043010.1
2074,1273368.9
12584,3462060.8
1873,2065423.4
1213,1018814.94
5906,3025014.8
3139,1048530.6
4940,2733403.8
2446,1883442.6
835,1074807.1
10184,1411491.4
11460,2166720.0
2817,5380133.5
10662,2586044.0
9273,1854954.9
219,1610876.4
12943,2317579.0
1058,1956191.6
788,1433340.5
1160,1222427.2
2653,2973404.8
10599,6042659.0
5800,3835861.8
131,4689651.0
3095,3631749.5
1823,2328704.5
5447,4074583.0
12900,945732.75
1316,1447117.9
319,2296724.0
10480,2070658.5
574,1186807.6
2822,2503632.2
9437,1719615.2
4272,4369155.5
1782,2652421.5
11922,1801297.5
11326,1232191.4
1804,2181603.0
2003,3168553.0
7570,4075163.8
9632,2853453.8
74,2511184.0
7627,1503652.5
11876,1445765.9
1285,1805514.0
2212,1834399.9
2104,2500097.2
2659,2818775.0
1178,1660954.4
3876,1194812.8
677,1040250.44
6856,1813424.5
4256,3206454.5
12061,1493254.4
1948,1813103.6
12461,4897221.0
2673,2388801.2
11313,1660801.9
2597,1872090.8
457,1019455.94
1430,1207223.2
8795,4344371.0
10465,913288.0
9807,3162957.5
1936,1540732.6
10108,1058468.9
2310,1888872.1
10840,2659062.5
6251,1299282.5
1811,5366108.5
12972,3572049.0
12258,3785747.8
1830,1087101.6
8947,2054735.8
4771,1234128.9
838,1379455.2
2193,1159928.6
11547,1707167.5
1058,2054691.4
4039,3273636.2
1462,1595529.9
8680,1363780.6
6921,3041425.5
1385,1171472.5
410,1242690.2
8002,2053696.4
10165,1699792.8
351,1667703.2
1135,776956.25
3838,3552182.2
1287,4216300.5
3704,1420883.6
11620,2242248.0
5601,2189372.8
429,2553436.8
390,1182951.8
100,1176888.0
10524,1875614.0
12626,1708812.9
3230,2206237.5
9761,2130263.2
7283,1958075.1
1024,1927387.2
204,1723916.1
11060,1695601.8
10291,1152035.1
3743,2692677.8
2592,1315516.4
9023,2911630.8
11890,2422447.2
6321,1949338.9
1635,2241247.8
1501,1332051.6
11908,3055067.8
1103,2443531.2
1706,1866022.6
12992,2111218.0
1679,1069697.9
2914,3649367.2
5886,4162037.8
3309,2533547.5
9983,2358428.2
10866,2987157.5
12463,2498896.2
9921,1351659.2
9528,2359639.8
8552,1201888.6
11997,5507823.0
8663,1439558.6
4638,1930406.4
247,1052556.2
2111,1295672.2
2790,2669564.0
1935,1606554.8
7861,1550659.4
8018,2904400.8
9560,2146034.2
12985,1583549.2
2944,1359527.9
379,1988605.5
10391,2542212.8
2871,759959.94
1077,3213115.5
3339,2491588.5
476,2124490.5
1235,821629.06
2543,999046.94
50,2497498.8
10897,2975974.5
4624,2570493.2
1752,1990541.6
1490,2294457.5
3539,845889.44
11184,1284506.5
3867,2231560.5
609,969439.06
8666,1393884.2
5641,2458701.5
1376,2158488.8
11866,2383363.8
3832,1462858.4
3371,2348803.0
327,1534074.5
93,1725108.4
2066,1836241.5
1258,1803671.8
6068,1420590.1
1106,2018001.1
1010,3692619.8
175,3311867.8
9972,1295672.2
9963,2704099.8
12114,2667571.5
2204,2016021.5
792,2865648.8
288,1334769.5
1423,3678936.2
5514,1547591.8
11875,3082840.5
3955,3218463.0
6193,2989358.5
7041,1670252.9
3317,1237949.6
784,3231692.8
8629,1830788.5
8620,4176846.8
8103,3421117.5
2801,1554355.9
8798,1478931.5
2569,1471070.9
3005,1979967.1
398,1195934.4
5046,4465328.5
4847,1480928.4
4917,2238023.5
615,2233551.5
3047,1347052.5
10407,2603657.0
6145,1301864.2
1161,1509095.4
162,1905900.5
9438,3238289.0
12852,2690683.5
6389,1666163.4
8115,2106528.5
7578,1704421.8
1044,1122792.5
1111,2274827.8
1394,1072324.6
1311,3580869.2
5018,1717718.8
4789,4173440.5
577,3039606.8
5043,2002683.9
1072,1890712.9
6541,2698890.5
7698,2955206.5
642,965759.7
6667,2252800.2
6388,1122574.6
3809,1616462.6
8445,2964194.8
1045,2246045.0
9038,1668015.5
1431,1129953.9
2448,1816488.2
3348,3081948.2
3412,1219685.6
4478,1095759.2
10821,1700792.2
6759,3062488.2
5318,2458201.0
3322,1469123.4
1047,2844857.5
2272,2254291.8
8808,882427.25
6987,2494971.8
3031,1479680.9
1372,2361150.8
11810,2290499.5
870,2239468.8
5742,4482459.0
1386,2037020.8
2266,827218.4
4279,2698063.8
1454,1053653.2
903,2398274.2
6594,2904613.2
750,1224554.9
142,2554526.5
12371,4213445.0
1617,1383780.0
4640,1800343.9
4569,1394172.6
316,1467987.4
10926,2854051.5
2374,1055107.6
12550,1485337.8
709,3276274.8
158,1911992.5
1429,1644491.2
3854,2297676.5
2863,1027836.8
10621,1501469.6
4289,2256177.2
6055,1781260.8
9832,2411913.2
2693,2667316.0
7011,1271709.1
2688,1657272.2
10259,4008121.2
10235,992057.3
9786,2943252.2
3014,2743043.8
9434,1681748.2
9764,2460353.2
2423,1960816.9
651,1393240.1
3610,1477008.0
1899,2345741.5
1063,1517775.1
4294,1878426.8
1422,2021324.2
10612,1134149.9
4837,1401690.1
4501,2310649.0
10549,2131541.2
1114,1306987.1
88,1620140.8
7817,6010242.5
1980,2623643.2
1151,3233015.2
2404,1584576.2
4641,3162658.5
2942,6113269.5
607,1997599.4
4293,2391860.8
5274,994480.7
2701,2765424.2
445,1516627.9
7846,2704031.8
1138,1826197.9
7784,1450175.1
11617,3176065.0
1483,916105.8
11159,1699886.0
8513,1684092.1
8892,1268071.5
2759,2267316.0
4645,2119046.5
2505,1579171.5
2017,1590803.9
9450,3576871.2
2271,1671513.8
2548,1657875.2
541,2028353.2
2449,1653325.6
8912,1376887.8
3996,1628600.6
3866,1265406.2
2885,2572554.5
2111,823384.7
95,2232248.8
3071,2110465.5
10344,1308958.6
160,1150487.2
1039,1227259.1
1306,2191671.8
2725,1744068.0
868,1181301.4
11937,1425744.6
2177,865706.6
4366,1337687.1
2742,4365050.0
12845,3898529.2
624,5431146.0
1659,3545529.2
6569,961258.8
179,1958221.4
12103,3089419.0
450,1484401.5
5796,1994592.9
2573,3154432.2
4685,1638680.1
1325,1247960.1
2623,1938824.9
3088,1004315.9
8992,3682245.2
9195,1776313.8
2862,1177823.6
4097,1603648.2
12294,1359350.6
1600,2069333.8
8716,2835004.2
11537,878755.8
7663,1176957.4
1206,1191720.5
2184,2473902.5
3525,3392579.2
9221,3214705.2
2166,815441.4
3445,3430068.8
2278,2012216.8
4525,1491400.0
1354,2269107.8
10348,3099724.2
2023,2781387.8
1672,1280045.6
531,1254260.1
2048,2853523.5
429,1356344.9
9757,3808411.2
8636,1711408.9
7959,3615599.2
2886,1644924.1
679,1308316.0
1270,2114874.2
1618,2524893.2
1033,1919338.1
4672,1646039.4
5523,1513803.1
2398,2306202.8
1028,2624496.5
459,2566667.0
11788,1924211.6
3931,1951074.5
410,1672137.6
721,3249451.2
1490,3767990.2
2979,1321794.6
1967,1579029.4
3898,1947728.2
929,2777209.2
398,2708461.0
3304,1089887.5
2264,2455223.5
5436,2511770.8
5225,2530139.8
8587,2707281.8
4849,4650841.0
499,1201633.2
1460,1942059.6
2464,945197.7
2683,1934135.1
9029,3522591.2
3188,1617581.9
1737,1084210.6
549,3096335.8
1390,926722.3
10437,2805324.0
2787,1013017.9
4062,3449840.0
777,1405360.0
5135,1786187.6
3521,1150554.4
2750,1035831.4
12286,2736543.2
3857,1897907.5
578,2275179.5
1944,1942338.4
3511,2012094.1
3262,1358850.6
1148,1123378.8
11137,2475605.5
2426,4926669.0
12440,1577525.1
2704,5591823.0
1222,1775848.4
2707,1158928.2
10643,2592389.8
2534,1233142.2
1777,1844721.6
2331,1208387.2
12938,3030546.5
1139,1282507.2
1636,1262516.0
3224,2750085.5
5747,2284892.8
604,3327162.8
1346,2167756.8
9891,2708144.8
2653,2036466.4
10722,2208594.2
2214,1166823.9
8519,2273637.2
3869,3132001.5
780,945732.75
5483,2660704.2
2495,2011749.6
251,1488739.2
8327,2758871.2
9610,2140059.2
2949,1905854.4
3713,2403304.8
2281,2264248.2
1704,2262850.8
2849,1839439.9
11160,1315462.9
5196,2905094.2
901,1535189.4
2204,1019469.3
2348,942588.8
11923,1826898.2
3286,1859097.6
12299,1402869.9
1181,2350844.5
8251,1753018.2
2897,1536246.4
12548,2229723.0
2794,786993.1
2835,1010844.8
1115,2342299.2
9351,1580723.1
12288,3042670.8
6764,1543136.4
2009,4935984.0
1484,789627.75
12829,1657349.4
610,854710.25
2018,861038.2
8818,2594249.0
2270,1306406.0
7844,2419017.2
1755,1276646.6
3485,1213818.9
2501,1505754.5
2953,1188880.0
1395,654587.25
2171,1217475.5
687,1176231.4
1644,2078840.8
1697,1679807.4
3814,1551562.5
2740,1337884.2
2793,2013977.6
9962,1201253.5
641,3317129.8
12391,2823596.5
2590,2297299.5
994,4186526.5
2645,1348441.1
11386,2865648.8
1681,1271792.6
2564,1724273.4
7876,1593673.6
1345,986152.2
1417,1596587.4
615,1854057.9
2700,3022531.2
6521,1551206.6
2526,2631127.0
3038,1734833.8
5790,1117985.1
1919,1608234.5
5052,2119627.0
8895,2279677.5
12142,3917913.5
799,1576191.8
12389,4269648.5
1393,2685974.8
1373,3791828.5
12110,2796624.0
6469,2309876.5
1913,1597554.2
9400,1792133.6
570,1299217.4
1728,956640.1
7188,5094504.0
133,2607605.8
10485,6203576.0
3011,2189027.5
277,2819104.0
2296,2607773.5
10784,2262634.2
1749,1361500.2
1353,1962448.0
11853,2244425.8
2426,808960.8
4998,2365760.5
10103,8563737.0
2930,1617792.8
92,2990876.5
258,978419.75
2074,1785410.4
417,1795484.0
2592,3278534.8
6207,1639062.0
1173,1401633.8
3596,3586330.8
10366,1150260.8
1972,4028709.5
129,1406619.2
2375,1941624.2
2425,1710297.1
3938,1747405.8
30,1270506.1
1210,2723581.2
6950,2012094.1
4565,1223788.0
9377,1501977.9
1813,1377762.2
1529,1383577.9
1350,2483630.8
9627,3891269.0
4201,3263890.8
5115,1737466.1
10237,1107494.6
6367,3198070.8
2532,1787067.4
1267,2304468.0
1553,1121463.8
8861,1375941.9
11037,3187037.0
2019,1160814.1
983,1360210.6
6254,4128776.8
6036,2541157.5
7896,2872851.0
11579,4899734.0
9071,2296287.0
1415,3803311.8
8738,2229529.5
2421,1031435.9
3887,2266728.2
2603,1751730.2
10495,1764265.1
7241,3711790.2
1486,821285.2
840,2477357.5
12633,2017768.6
3935,1445044.4
1506,1970842.4
51,853568.3
91,1245980.9
6525,3021795.8
2022,1424646.1
11218,1863681.2
10449,3430243.0
2851,2013494.1
1613,1809959.1
9444,2373356.5
10252,1410944.6
2062,2388491.5
6079,2277024.0
7797,1851994.5
739,1122159.8
12617,2680834.8
1809,2440235.0
9854,6371014.0
9749,2541372.8
12025,4129180.5
1865,846234.0
1647,3255624.8
6023,2418649.0
10484,1907286.0
839,3582934.8
1250,2633469.8
12366,2348415.2
680,779201.94
3932,3173392.5
2764,5730799.5
11247,1820745.1
1469,2040267.2
2899,1230334.9
6022,1775861.5
88,2888317.8
2565,1230038.6
3091,2089157.1
11493,2121639.2
2102,2191671.8
1296,2549257.0
2091,4704130.0
3628,1104999.8
2869,3070679.8
953,3004501.2
934,2252976.8
2249,1032150.8
8793,1509608.2
3503,1832998.2
5399,1765709.6
10727,2444160.8
3345,1180394.8
3402,1120890.5
7074,2609352.0
11381,1245623.8
48,1349611.4
12174,3498977.2
4823,1089984.2
8407,2443612.5
1898,4407916.5
3382,1317393.2
10289,3304267.0
2692,1919245.8
2014,1580367.4
8442,1528827.2
592,2104532.8
8920,2615632.0
4724,2447789.8
2187,2290991.5
4833,3201300.2
612,1078591.6
2465,3018657.5
12325,2023052.9
11278,1846237.5
8705,2331538.8
1026,892930.8
7917,2810200.0
974,6186247.5
2184,1418860.2
3273,1134359.5
3670,1311389.5
3516,1486529.1
11682,1561732.9
12243,2219422.2
7650,3434221.8
6091,2574129.0
12793,3157015.0
550,2860215.0
7754,3868782.5
763,1454013.1
1862,2325421.8
2306,1930730.5
11541,3791393.0
10529,1981159.8
9305,2327376.2
7135,1422715.9
2188,2589207.0
7038,2945184.8
1657,1744068.8
4952,1618648.2
3889,1957038.9
2106,2069333.8
6859,2733147.2
2293,2233159.8
1298,1775929.2
8050,826592.75
10507,5205067.0
5172,2424474.5
2241,1493254.4
7951,2410677.2
3554,1768964.1
970,2225037.5
3860,1841526.4
8588,989538.25
1870,1095708.5
7348,1823946.1
196,3787273.8
97,2230038.8
6568,2902508.8
642,1699528.6
647,1169482.9
2637,1156461.1
2150,1228919.6
928,2054373.1
3658,1712386.6
12807,1157686.2
1776,2346132.2
2571,2745322.8
1857,3769229.5
5497,2443965.0
2231,2450791.8
661,1517060.8
2243,1850304.9
7044,1430798.5
8878,1862045.2
342,2419401.0
4563,1414360.5
3868,2182968.2
722,1710333.4
7869,1461338.1
12770,1426054.5
7153,2745043.0
2575,2185616.8
1107,1658726.0
29,4921661.0
2399,1596233.1
6602,1574586.2
73,1554506.9
4562,2649067.8
8356,2642725.0
490,2043188.4
960,1197154.6
3896,2520951.2
9620,2445696.0
7125,1951939.4
10693,2829486.5
4118,2470072.5
3906,1781879.8
501,3216276.8
6236,1669987.6
3483,1327556.1
5479,4501039.5
895,1487378.6
2030,1919712.8
172,1420933.6
2958,3700626.2
7839,2390108.8
8851,1261461.4
127,1666770.6
2560,2343196.5
4851,1830025.5
6203,1695503.6
532,3385258.5
1183,1064952.8
1448,1287959.4
37,1715932.6
2830,1954637.2
10753,1785541.9
9524,1647238.0
6280,2472927.0
402,3321816.0
6876,5053272.0
1609,1373634.5
2450,1997360.8
3291,3563388.8
2352,1822704.8
3781,2500353.5
4227,871805.06
4213,1638320.5
8840,4845222.0
10260,6260167.5
12518,1551747.1
1065,1157173.1
2150,4706077.0
3717,811179.4
442,2967866.2
10770,2059037.4
3066,1723761.2
8577,2657357.2
663,2899234.2
9176,2615953.2
937,1268642.4
3904,1346856.8
1621,2184960.8
12739,1698924.6
3235,1240802.4
2068,5015904.5
6399,2500901.0
3110,2904545.0
2018,2013280.6
280,2203519.0
10385,1816681.6
1864,2880736.0
3761,2186415.5
9392,2274469.0
6621,3233349.5
1855,2353684.8
638,4226750.0
2375,2154775.5
9563,1710090.2
4036,1479532.1
3626,1896748.6
3099,1519298.9
1468,1105141.2
11004,3920890.2
1031,1903593.1
1633,1265641.6
3541,3385073.8
1937,985359.9
7248,971630.7
10846,2619322.5
1034,941479.44
2007,3718418.8
3510,2134093.5
6047,3913605.8
5934,1958221.4
8855,1470257.2
109,2157481.2
2261,3012730.2
7075,4096178.5
1129,1126575.1
9161,2699543.8
10779,2288539.5
1764,2141411.5
2364,914818.8
1297,1014099.0
5575,1775681.6
11287,1702925.6
2218,1153632.0
6902,2066879.2
1025,1392477.4
3027,3085234.5
1594,1203296.6
4691,4128423.0
303,3666861.2
12095,2760794.2
2652,1218873.4
2708,2210335.8
1141,3548156.5
10822,2146473.5
6808,2680911.8
2605,1698865.1
10096,3424913.0
1381,813976.7
8294,2707655.2
1889,1646015.6
1212,2869795.0
10068,1448332.1
2463,1549831.4
2448,2067691.5
4842,2281159.8
7712,1525714.1
79,2762188.2
6666,2094863.4
6711,2040344.9
10570,1612182.0
3320,2178281.0
8386,1789721.6
11428,3321523.5
10059,2951643.0
8479,1567163.8
9567,1695364.2
8699,2280687.0
2722,1393613.6
522,2035422.5
7905,2771474.5
1710,1082695.5
5986,2601999.5
7495,1289909.5
12565,1832966.9
1535,1836133.9
1213,3799976.8
3169,1822414.1
2223,2629220.8
654,1349390.9
6224,2534102.8
1606,2879991.2
10028,2204268.5
11557,2930728.2
2361,1500928.6
8490,2370188.0
223,2015172.5
503,1007888.25
5561,2981575.8
11943,1283820.5
1310,2153775.8
1002,2243405.0
6973,1882825.8
840,1274224.5
256,2480180.0
4188,2600389.2
10081,2526570.8
2242,1284052.0
827,1822005.1
255,892318.56
520,1472784.9
1243,2196851.0
2969,2648595.5
9181,1882193.4
7858,2040116.8
7802,2904530.5
118,1094334.1
7583,3966354.8
10701,4531504.0
12038,3101120.0
136,3048025.0
2905,5892660.5
3315,1315174.6
1736,2475124.2
11540,2619290.8
2415,1104808.5
1273,3271483.8
209,2518127.0
9745,2127588.5
2754,1125099.8
3307,1420640.9
1149,1015798.8
6019,1915294.2
10655,1543356.5
7788,2175441.8
1389,1224036.5
1231,1526423.5
3876,956180.4
4447,6233282.0
3857,1202574.6
203,2522455.2
589,2280675.2
1119,2123747.5
2703,1441556.2
10654,1767311.5
1051,1868762.6
8932,2446158.5
702,2054853.9
5295,942452.4
4871,2876130.8
446,3032578.2
1435,954620.7
9863,1939949.6
12725,2350308.8
12223,1908516.5
1327,1796876.6
3098,2362721.5
7499,2769070.5
12799,1869198.6
10114,2194830.2
4841,1490495.4
5654,2090793.9
12892,3263308.2
1984,1484036.4
12763,1458079.9
1098,1617932.8
140,1260883.5
1733,1275235.6
7930,894048.75
7058,6374817.0
1345,822138.4
3325,1926291.9
4419,2316603.0
8287,3889571.0
12890,4512531.5
4284,2091394.8
1873,1333369.2
1724,2085758.0
2749,1768815.1
7252,1327715.2
9690,1840029.1
3297,1037413.1
1316,744873.4
8515,1354130.9
3875,1745037.4
1797,1524756.6
5022,2667138.8
6768,3009345.5
1052,1538157.4
6555,1786320.5
12783,2309031.5
5357,2728236.2
8455,845375.56
5750,1316463.4
2485,1854057.9
10644,1815797.1
2403,1466220.2
6455,2149289.2
869,1714352.0
10287,2114296.5
1176,2023066.9
253,1430876.8
2072,1765848.0
7435,3441315.8
2255,2274033.0
976,2714115.2
12808,3500886.5
81,1280007.4
11759,1396320.9
2774,1568451.4
9564,3211743.8
11767,1299609.6
11667,3877236.0
2752,1773264.5
2796,2581398.5
8134,1797505.4
6565,1621344.6
3079,2907740.8
2900,1115771.8
939,1597519.8
5256,1632276.4
3679,1696595.2
2790,1605139.1
4961,2049580.4
1347,937736.25
7113,3547290.8
2698,1685522.4
314,1464642.4
739,1914906.1
977,1555747.9
5363,2185605.2
9890,2948018.8
4067,4165164.8
3978,1478799.9
3108,3201329.8
5471,1441852.4
8486,2581034.2
8700,2920070.8
5957,3095283.2
898,602430.1
2128,2494926.2
5260,1672166.8
155,6071035.0
2100,1153632.0
1649,2958494.5
3406,2613150.8
1510,1809010.2
5722,1982332.8
3785,1965557.8
12458,1484804.6
988,3420125.2
1704,951550.1
631,4248542.0
689,986451.25
11499,1784370.6
9810,2326559.5
2733,3232397.8
8210,1401434.8
10742,2323672.0
1572,1833746.5
4198,6677130.5
1696,3060606.2
12662,2451653.5
11201,1065925.6
163,1518698.8
9225,2106485.8
2352,2992793.2
847,1984520.2
9662,3756944.0
244,1087066.8
536,1132498.4
422,1188349.5
2839,2580648.5
2491,1990058.2
2261,1527213.4
9914,2251009.2
8856,1899970.0
197,3283006.8
2536,1199820.6
9175,1029548.44
930,1201656.2
472,1431771.6
4435,3307686.5
5614,2690820.5
10211,3231258.2
647,2255928.0
9040,3289944.2
1971,1768517.6
8394,2433161.2
2711,1012571.7
244,1702374.5
2658,1437899.6
2249,1254570.0
10266,3065069.8
2898,1790537.2
3820,3457126.5
10515,1232791.5
1343,1889801.6
1174,1155786.1
2451,2163910.5
2477,2066659.2
2770,2696183.5
3026,3726782.2
7374,1893529.4
6333,3571029.8
3523,3554124.5
2305,2844364.5
2327,2542773.8
112,2583587.8
10649,2916626.8
10685,2904062.2
1327,2194384.8
9013,3236225.8
2257,1762344.2
298,1657916.0
1573,2302001.2
345,1270333.8
4708,3689949.2
9169,2089886.4
1673,1486607.2
479,2180895.0
9150,3057815.8
8230,1052986.1
9271,3683510.2
655,1462215.1
2428,1271664.4
178,3489679.2
6114,5149771.0
8721,2657591.5
2424,2442811.8
10690,1075074.4
2655,1072573.5
1403,2514749.2
3741,1230952.8
3782,2754993.0
6751,2123448.8
8488,3501367.5
4798,2444377.0
867,1328723.5
6684,2507701.8
3705,854044.6
2263,2511895.8
1885,2730876.2
11727,1572313.5
2754,962631.8
11535,9209308.0
4684,3193779.5
12297,4147331.2
9472,3016498.8
3247,1944400.4
6084,1151248.8
4000,2323824.2
9199,2029254.5
8137,4361479.5
7242,2541512.5
836,1423506.2
3353,2181271.0
11458,2020571.6
245,1338826.4
1835,3200653.8
94,1676653.6
11782,1333548.4
1942,1044406.7
7776,6035400.5
1818,1158614.2
1761,3214340.2
6712,1241196.0
608,1530306.2
1378,709110.7
1269,2394494.2
443,2028281.2
10961,2440911.0
8476,2728204.2
1105,1083006.5
7151,2850781.2
1189,1199582.5
2628,1455463.2
2506,1609394.0
1807,1674283.8
2187,1320756.9
1956,1868429.9
1839,1257586.2
2356,1932007.5
4144,1746553.5
138,822356.06
6787,1674444.2
6956,1577314.1
2700,1722056.9
2438,1464591.2
1881,1356248.6
2350,1337325.6
7230,3034508.8
2687,3142474.5
7940,2468320.5
888,1650772.9
47,3171040.0
9946,1120116.1
9653,2629917.2
6632,1740384.4
546,4373880.5
2257,4542409.0
11818,1870456.1
10803,1766274.0
8030,3709115.8
1708,2323865.5
454,5178287.5
137,3430265.5
3288,1658778.9
2250,2498315.5
121,2849102.8
2185,1581784.0
2621,1368472.6
8734,1623117.2
2220,1808083.2
679,1093720.2
5566,2018456.0
286,1255215.4
6181,2004971.9
4809,1837151.6
8203,1904568.5
737,863286.94
2559,2217401.8
8220,1374509.9
9966,1779706.9
10406,2394488.8
11293,2975895.8
10997,2351043.8
2281,1670070.9
2320,1255952.5
3333,2493525.0
2105,1667983.2
468,3553925.8
2538,3900823.0
3243,5303627.0
12154,1438987.4
2400,2527314.8
9930,2723393.0
4199,1195993.1
1406,1349611.4
2387,1698256.0
2802,1307612.1
11837,4198686.0
1445,1972930.0
1191,2184404.5
2398,1114376.1
420,1969193.1
11892,3965224.8
2520,1948931.9
3698,1488720.9
3740,2589924.2
8628,2934771.5
1282,2268318.5
6708,2327590.8
11123,3435426.8
2188,1278429.4
421,1201079.8
8290,2682143.5
701,981902.1
1472,1395398.1
12014,2157423.5
5532,2009655.5
8595,2001438.2
1007,947731.94
2199,1371282.2
7884,2027505.1
3016,1444264.4
1652,1501240.0
10038,1490477.1
8529,3920595.2
5665,4474287.5
1482,1816964.6
804,1512730.2
2089,2012094.1
4003,1848231.6
2570,2557515.0
735,1433403.2
9674,4203462.5
12862,5129775.5
7123,1073561.4
5091,2771125.2
594,1607073.4
1410,3283724.0
6190,1829940.8
6574,1594983.1
2843,1081864.5
2933,8945663.0
10339,2564449.0
159,1609332.5
3459,4146871.5
4015,2490133.5
797,1115156.2
448,1144861.2
9177,1412445.8
892,1433403.2
2397,1423054.2
486,1505360.8
3686,1105636.6
9760,3268596.2
3676,1488637.6
12308,2066975.5
3029,2236041.5
1827,4889770.0
2762,1463114.8
926,1205417.6
1276,4251415.5
179,1509663.8
3396,1121872.2
12047,1000055.44
9881,4376733.0
104,3102337.0
11364,1710010.2
5227,2472062.5
10670,2130054.2
3362,2033075.8
5059,1210402.9
4004,4195023.5
12160,3400883.2
8662,2350137.5
11542,2550975.5
1802,1324919.4
2614,1711296.5
10993,1338638.4
12951,2973603.5
7364,2526118.2
2879,834557.9
12898,3484655.5
3057,1272015.9
2161,4524282.0
3632,2249655.0
5259,2589943.5
5186,2013133.1
3359,3426930.5
714,1271075.2
1185,1803386.4
6093,1903023.1
4308,1646233.8
463,1895651.2
1252,1279784.0
12730,2111814.8
10648,2326076.2
8691,2131960.5
9327,2861611.8
632,1667887.2
3334,2868696.2
12758,3281438.5
4318,2919933.8
1146,3448144.2
232,2087098.4
3623,1535627.8
877,1823447.5
5469,5002243.5
10442,3304165.2
10574,3442324.8
5272,1529035.8
3769,882370.8
2301,3057695.8
7639,3677154.2
1538,3943951.2
375,1519520.2
3802,1750038.8
10521,1888621.1
2722,777297.6
1697,1111689.4
12129,1855624.8
3444,2515057.2
3074,1331208.6
1422,1264159.4
7877,2760413.8
6134,4458097.0
528,1409835.4
5537,2246920.5
1523,947831.75
5610,1764629.6
3692,1797748.8
6061,2456842.8
9957,2109642.8
1197,1951048.1
1693,1582789.5
1719,871976.06
482,1653260.1
1574,3303310.8
2985,2169501.8
6259,3102258.8
3900,838650.7
2583,2808861.2
3950,2600499.5
1467,1279010.9
1537,1800220.4
349,2976137.5
9284,2516603.0
1766,2419989.5
5184,2352934.5
893,1962674.5
12107,3294339.0
3684,1435741.9
5591,1617932.8
10710,1710028.1
2948,1001038.06
1030,1682198.4
951,2424716.8
8615,2616704.0
7728,4567655.0
7338,3533987.2
11014,1873987.1
7001,3270736.0
1551,1729719.2
1432,1502382.9
2375,1083326.2
2839,1350957.1
10019,1673820.9
1922,1717337.9
2386,1846946.4
3679,3469161.5
10197,3059541.5
1218,2044244.2
809,984014.75
8353,2415422.5
9193,2651504.0
7213,5132361.5
1555,2794318.5
42,1131922.0
572,1097272.9
12543,2845267.0
899,901877.2
3944,2549560.0
4130,2407608.2
558,2159905.5
2338,1448121.8
2518,1494665.8
4260,2314053.2
3196,1418152.1
7195,3551243.0
11790,1402830.0
3409,1597913.4
401,2210559.0
11392,1253704.0
12466,2367342.2
9879,2514716.0
8382,3333654.5
12537,1832389.9
1103,1658501.8
6241,4216894.0
11805,3029223.0
2992,2319375.0
11127,1004283.2
1983,1318828.0
3431,1659235.5
5814,1312171.5
3119,1011684.06
594,2301947.8
3706,1593705.9
2054,2393467.8
1010,1524784.5
443,1359703.6
4720,674067.25
529,1585943.9
1254,1314642.4
876,2274010.8
782,5046714.0
8713,1753970.6
1688,1017398.8
7883,2207235.5
10315,1981752.2
7376,2996254.5
3559,952867.44
5759,2266571.8
11396,1341020.0
1568,1317891.2
8821,2525593.5
2904,1375479.4
1078,1565312.0
7253,1932324.2
2404,2035422.5
3080,2716841.0
1526,1032748.06
2824,1947396.5
299,1390916.0
2968,1234449.4
12384,1397301.2
5385,2127497.2
1427,1637009.4
120,768840.9
9333,2396886.2
1234,4620321.0
3757,1499324.0
10125,2101974.0
7009,2624167.8
2907,1007714.0
2651,1556302.1
11489,1981631.2
4747,2604156.2
2915,1690951.4
2281,1879695.4
11423,1706027.5
11250,1344052.6
7954,3212713.0
7398,1811047.2
12434,2115487.0
3835,1776232.8
2952,2357773.2
10140,1394568.4
4164,3169869.2
12698,3651231.0
365,2293734.8
9691,1857398.1
12876,2743731.8
10808,4333814.0
5533,2738717.0
6,1319555.5
2250,1072772.4
8837,2275632.8
7363,2004442.4
1747,1322145.8
638,1415687.9
6000,2491076.0
11702,1995446.4
9923,3716041.0
2424,1314642.4
6474,1015980.94
8731,2531365.5
532,2426251.8
1579,1983422.5
10224,2494312.0
12889,2077578.1
6890,1384861.4
301,2599935.0
5169,2388660.8
5757,1380777.6
868,1685795.8
2076,1582900.9
1045,3197896.8
5114,3257296.5
7335,1327425.5
247,5537614.5
6606,2587058.8
12724,2620065.5
718,2181536.5
12074,2778282.8
12382,784718.3
2302,1528904.5
10399,2407385.0
7371,3085005.8
10009,1707836.8
2043,2469765.2
9224,3202528.5
3223,1928586.8
1994,1677175.6
4693,1293112.6
7803,2362444.0
6296,1543345.5
491,3190433.5
2903,2091947.2
6980,2316466.8
7233,1390981.8
5751,2073738.2
3895,2277335.2
911,1235651.6
844,1229328.1
1100,1728006.5
11709,1293309.8
11373,3255596.8
5420,2349784.8
1950,2479927.8
1485,1514063.9
822,2007132.4
2713,1543802.1
1652,4690998.5
5249,3144295.2
4506,2773506.8
2020,1504646.9
2708,2187165.0
4909,1520593.9
2466,2182266.2
1775,806475.94
12376,3029253.8
2125,1246097.4
5632,1600387.2
6177,2029716.5
920,1448807.1
2440,2413576.8
322,1355063.8
3543,2199125.5
45,1557426.1
25,4264791.5
9926,2239211.8
5017,2823554.2
769,1245604.0
749,2058784.0
6121,1275235.6
1955,1858187.2
652,1278786.1
6730,1400235.9
7871,2292800.2
5869,1165427.1
8343,1998666.5
1171,1601388.4
9985,1616633.5
12960,2105069.2
1207,1750577.6
6735,983329.75
10534,3564521.2
1780,1106375.6
10844,3496084.2
3404,1142314.8
7321,2038152.0
3147,1112188.4
1804,2056805.4
4723,1605359.5
12257,1637290.2
7286,2199733.5
126,1710297.1
7641,2569617.5
8894,2516257.5
12583,4819747.5
2395,2349313.0
11724,4947688.0
3452,1892550.9
5130,1144287.1
4773,2247330.8
1277,956721.06
12261,3080830.8
10582,3209993.2
2542,1399824.8
2536,1025070.56
2061,1809179.8
1934,2470488.5
2582,2985900.0
2547,823384.7
3386,2121493.8
2843,1537540.8
4101,1277642.6
11692,3727687.0
9108,2563623.8
6208,2627772.2
1949,1458922.6
341,2917161.8
555,1844636.2
9906,1332000.6
2069,1706261.1
12051,3590811.8
1326,1550055.9
1773,1601576.8
8117,2111200.2
5732,1477345.4
11631,2803026.5
2391,1371048.9
10430,2056750.5
871,1196849.2
963,3985181.8
10425,1433446.5
10157,1299351.5
2044,2183833.5
9042,2111218.0
3008,1631692.5
3548,924707.8
8064,1849044.0
7547,2974201.0
1722,929224.7
1236,2102993.0
1205,1201656.2
3073,1341262.6
2956,1459371.5
927,1965830.8
12931,2649478.5
4660,1424292.5
9908,929781.6
6523,1860606.8
3046,2765774.5
8352,2153937.8
2312,2631226.5
3072,2613894.8
10010,1262048.1
10916,2411675.5
8212,1044253.44
3520,2095728.5
176,2686448.5
8883,2174379.5
1689,1752936.0
12939,2875426.2
2729,1573978.4
7633,2089015.5
2292,1847539.8
674,1741245.5
7218,1232893.4
556,1737466.0
381,2301947.8
1974,2326498.2
4416,3065693.0
3646,3252785.0
5050,2490809.5
1411,1151099.2
8328,1828237.1
1662,2529835.2
1190,1895381.5
10531,3886214.5
2823,2664499.2
1425,1015666.7
2400,1246304.0
10896,2482779.8
12857,2487975.0
2112,2095186.4
6886,1374386.1
12267,2653083.5
11988,2276788.0
2522,2314747.2
2528,1532554.5
925,1901836.2
2644,1689512.8
1808,1094703.1
8860,2462290.8
5633,2386488.2
11888,2987157.5
4839,1396630.6
1607,1286689.4
8936,3266405.2
1155,3381583.5
3587,1954516.1
12920,3249451.2
5356,2157300.5
915,2298716.0
7269,2858416.0
574,817645.75
8,887021.94
3273,1936180.6
541,3488403.0
1318,989207.25
811,1250076.8
940,1275498.4
439,1309405.5
1387,2566182.8
2210,1989386.1
6762,3268880.8
2192,2888881.5
4918,3888694.2
12457,1768573.1
2850,1494155.9
1342,1760767.4
1640,3005938.5
821,1057222.0
2876,2362339.8
12690,1332214.0
12015,1295213.9
7853,2825702.2
1000,1566860.0
10884,1736378.1
2912,1869300.8
5422,1144958.6
529,1462990.6
971,1061534.9
1895,1669869.2
9673,2545964.2
4035,1180151.1
10810,1952644.4
2081,2699003.2
248,1654485.8
369,2569312.8
3654,2086444.1
8993,825830.2
2228,1555572.0
2827,1211204.5
6600,1169542.1
3227,1736266.9
5508,2324415.5
3993,3789666.8
4561,1968995.8
95,2330893.8
75,1498907.6
10147,1500032.5
3869,1268259.9
2736,1355063.8
10816,1794830.8
12713,1511690.0
3015,3070372.2
4988,2599151.5
2528,1891570.8
5558,1150801.8
6162,3343395.5
455,1574369.2
9508,2645991.0
9605,1753069.1
5505,3361167.0
12006,2164331.0
6620,1630208.1
11398,4454854.5
2138,2775804.8
3917,1701611.2
2045,1681925.5
11628,3261807.0
842,2097494.2
8485,2302697.5
5299,2648518.5
7816,1989386.2
3184,3535455.2
1064,1864144.2
3525,3892250.5
1400,2600696.8
3794,2538857.8
3962,1716112.5
1689,2245350.5
221,2898099.8
1124,2212526.5
11585,2734661.2
3972,1087455.5
436,2138074.0
8526,1224368.9
87,1488524.2
1910,6382824.5
12533,2552244.5
1781,2380791.2
10396,2229478.8
768,2751551.5
6775,2916800.8
9387,2850042.5
28,1267394.1
9685,3923413.2
12969,2810753.8
1763,1841804.6
6431,1653266.5
1510,1162551.4
11960,2285885.5
8110,2268817.8
2797,1526153.8
1042,2466804.8
1454,2014900.2
7042,2508724.5
2935,1114843.1
8822,1934432.5
368,3030664.0
2066,1395654.4
1811,1617792.8
12162,1819249.6
1324,3562645.2
1700,1463114.8
6316,2745850.2
1840,1655894.0
9229,2480057.2
11823,2790480.5
2588,1442114.1
12838,2001987.8
1019,2286775.2
10448,4356350.5
12576,2401063.8
11792,1856792.8
7965,1772975.2
4286,2675971.8
4337,1879356.5
9254,1441504.4
3836,2962132.0
463,1714084.1
3571,1030471.2
1859,1987964.0
2623,879615.1
12065,1686422.9
5574,1876176.1
1542,2539686.8
3322,2460634.2
6719,1038923.56
2639,1116193.4
8719,1329900.6
3105,1707255.6
12143,1414133.5
7672,3643199.2
11196,2101035.0
3052,2519940.8
12273,1018877.25
1437,2799028.0
9104,1968351.8
2456,1177730.6
2334,1064373.5
5644,1429626.5
12691,1377680.9
11001,1368571.5
4050,2770007.5
4425,3428226.8
2366,1518076.8
2248,2242050.2
8211,941306.56
2454,1582394.5
1962,1577573.4
7581,2403537.8
9705,1377252.2
152,6641112.5
645,1131941.6
9897,1558837.4
5555,2754909.2
4280,2999717.5
2723,698548.25
555,1378819.1
2078,1470457.2
3976,1303460.0
6322,4866350.5
3555,1174753.6
9928,1252680.2
989,2052971.1
3711,1168216.8
1785,1405159.9
8147,743636.44
102,1636757.8
8940,2022885.9
3121,1483633.4
977,2056144.0
753,1136699.9
1027,1487817.4
951,4861719.0
8412,2358056.0
10013,2134758.2
9456,1494707.5
3330,3033670.5
2195,1739525.9
2436,3253851.2
771,1234423.8
2716,1684983.2
12127,1242309.2
8876,1135025.9
3199,1506768.6
4983,3143448.8
11405,4128974.5
3298,1000632.94
1073,1598791.1
11482,1867627.1
4692,1841047.5
6396,1100189.2
2111,2546960.5
181,1250332.5
932,2807705.5
11523,2774082.8
1390,1108944.5
1902,1513462.0
6867,4053361.5
5078,2544139.5
7190,2304498.5
2319,2896880.5
11572,1513201.8
4754,4100777.0
10198,1527755.6
27,1795658.5
815,1897642.4
1521,1657056.5
3364,2475404.0
1283,1270272.2
5859,2159863.2
8332,1856768.1
904,1130501.1
11264,2115543.8
2917,1722159.4
1453,1321102.2
2471,2063288.2
3716,2372461.0
7724,2697139.8
941,1963235.5
6391,3081996.0
787,1638619.2
3811,2873038.5
1795,3454656.5
9074,2486052.8
8729,2364150.5
8514,3616079.8
2634,1133311.9
1478,1546983.2
4011,2423854.8
11715,7178626.0
3369,866294.4
3041,1395241.9
505,2804836.8
9113,2691578.8
6338,3372380.8
2639,2053174.4
12989,1470147.4
7779,1785410.4
5470,1822332.2
6815,795321.6
5408,3297561.5
3675,929224.7
2579,2045186.1
845,1470235.2
993,1937990.8
58,1920211.5
5536,1938899.8
1138,2070321.4
1395,1728554.1
2561,1717333.5
5119,5135810.0
12566,5220320.5
1542,1290805.8
7360,1801132.4
2084,1664184.9
2010,2299164.8
8565,1840920.5
805,2072210.0
1978,1606548.4
11704,2413416.0
12955,1282744.1
139,6378081.0
8127,2478347.0
1507,1159849.8
10194,1498480.9
3057,2868467.8
3125,1984880.0
6408,1579672.6
2986,1609584.0
12572,1825048.4
3696,1435923.5
7353,1646359.5
12599,1975769.2
6927,1848560.8
8862,2573178.2
6561,2602241.8
4214,2691988.8
10908,1778933.6
1792,2164653.2
12001,1903273.1
2413,1659830.1
2946,1064952.8
2798,1159100.9
3449,1629459.6
2009,2609983.5
7268,3302893.5
10482,1775325.4
363,1317727.2
6465,2333611.5
11095,3429017.5
2554,1852242.2
10964,2155316.5
5177,2983036.0
927,2548942.5
486,1426878.5
7751,2990443.5
568,2047138.8
7308,915362.0
2258,1149500.9
3035,3287837.0
5390,3169273.0
2363,2484288.5
139,1629208.8
4874,2568595.8
12418,1818994.2
2365,1249473.1
1483,1314642.4
347,1192991.2
2582,2638975.5
10520,2203216.5
1178,2514217.0
2035,1218568.9
12861,1587731.8
4012,1576944.9
7072,3226111.8
2895,935894.25
3699,2624640.2
115,2942332.2
9718,1161145.5
2792,3543094.2
1149,1313647.4
3063,2003186.4
11215,2879356.8
5974,3255342.8
386,996026.6
724,1345860.2
4129,3069524.5
1230,2371790.5
333,2142798.0
4760,5572544.5
10819,1426206.2
7416,1921850.8
475,1524246.8
1166,1824356.4
1713,2778680.8
3171,1889394.0
834,1542539.5
9584,1766480.0
6298,985466.3
2798,894725.56
1284,1009710.6
1211,1429726.2
4674,3192068.8
1979,1007459.06
9248,2076082.2
2404,2878619.8
952,4021047.0
8755,1477516.4
5660,1778175.4
4290,3083508.0
1299,2032579.9
12231,1934700.0
808,2879939.2
2838,2017827.5
10017,3878430.8
698,1897389.6
2333,3022663.2
1265,4486112.0
9922,5125797.5
7795,2977908.0
740,1792600.8
1084,954464.56
3673,2174780.2
7824,3028788.2
12760,3136600.2
7843,1754294.0
1169,2651018.5
168,946338.6
2583,4441146.0
3096,4128299.2
11471,1193882.5
2116,1454787.9
7564,1717132.1
8028,2055891.1
2715,1315644.9
2461,2696412.2
3228,1654913.9
6090,880250.3
1821,3003639.2
39,2464162.5
5396,2170014.5
10337,4252363.0
8899,1352920.2
10548,2449973.5
629,3130160.2
6264,2240167.0
3973,1801144.4
12120,1005825.75
8116,1872570.8
7166,1570336.8
1674,1113809.1
2234,4656010.0
2767,2038756.1
7043,931323.6
2403,7488318.5
3952,2176838.2
3279,1408036.1
10209,3770653.0
3839,2914820.2
1625,1206820.4
2884,2892728.8
9882,884333.44
4592,2859821.8
2778,1637555.4
783,4558240.5
1071,3607370.8
12321,1762654.1
234,1664427.5
11549,1163882.9
2286,2819314.2
1945,1614365.5
8962,2052002.1
1766,1402597.5
5291,1514441.1
8169,5104128.0
2213,872166.7
4743,1607112.5
264,2127647.8
12800,2494473.5
2986,3290077.5
6691,1654634.1
9619,2639872.0
7357,3457412.2
908,1476623.1
11477,3921097.8
658,1602565.9
810,3813055.2
8531,2448069.2
562,1374703.2
37,1110735.4
2218,2132734.5
2015,757549.2
1595,1478235.4
839,1965487.2
1803,921170.8
686,1265633.4
8215,2320952.0
2158,2419635.2
5602,2230397.5
1245,1021174.9
3802,865144.4
11839,3886122.2
10393,1197584.4
11063,1086777.9
12912,3552182.2
848,1809257.6
2654,1774592.6
2757,1376252.0
12147,2998033.8
2854,1287494.1
11005,2503806.8
10674,2555111.2
9828,2422916.0
2479,2965943.5
8507,3002125.5
1626,1170325.1
295,3239003.2
11120,2268386.8
222,1242972.6
1101,1452467.8
4071,4010158.5
4184,2323479.0
2513,1399062.5
6878,1580312.2
2816,1377721.9
1608,2202933.0
11650,2577125.0
2617,966598.75
11020,1706061.6
3267,1189780.6
6860,4100458.5
10713,1063365.1
2329,1132990.2
9189,2181955.5
13,1532569.5
2634,1630270.0
313,1911175.8
3085,1495397.9
5599,1245508.1
11138,2143411.2
10388,1469172.6
7119,2553917.5
9265,2641451.0
1481,1329853.9
778,4694497.0
3383,2977137.2
6038,3141207.5
9522,3942986.5
5185,1387335.6
9546,1779672.5
11371,3415622.8
1883,2189911.5
10080,3922613.2
2608,3558948.0
2313,1344479.8
6351,6465126.5
12088,1305350.0
4230,2212112.0
727,1914374.6
10333,2542650.5
4125,2089450.9
814,1141816.9
1259,1489311.4
5905,1128661.8
138,1650144.5
7748,1024913.56
1819,1758289.6
6777,5822403.0
6454,2843879.5
9851,2488182.8
2634,2004570.5
3432,961258.8
11716,2762262.2
370,1752390.0
7734,1821671.1
2229,1893725.8
3818,5624212.5
119,1514635.8
3591,2202529.5
175,897774.44
12010,1922081.1
3907,1060902.1
10995,1020602.1
1905,4854090.0
1870,658500.44
2686,1502382.9
6625,1998726.8
3087,2499174.5
1961,1092984.8
1063,1854932.8
2854,2066132.5
3068,2617076.0
5818,940215.6
10506,1023059.2
1033,2567069.0
3695,3747454.2
2517,1637173.8
1407,2035019.8
1857,1751857.4
3219,1320574.9
693,1509354.0
2116,5092406.0
2800,2722845.2
903,1358112.0
11217,2877246.5
980,1800302.2
12674,2840448.0
2573,1633767.8
6919,1588878.0
2198,1187298.5
3370,1986839.9
1819,3609629.8
7487,1407817.4
55,3133605.0
1091,1331021.1
837,1408036.1
24,1491706.9
8060,2774210.2
3672,3538400.8
1114,2124239.2
1265,1475982.8
2566,2075445.1
2154,1605194.5
6572,3334308.8
10533,3583465.5
535,2690113.0
7878,2853707.8
10054,5036625.0
17,2642208.8
6709,3464340.8
10189,1713765.2
11938,2967695.5
3300,1019327.94
795,1248993.2
1025,1241871.9
4572,4388541.0
9733,2397836.2
11506,2904400.8
9072,1005290.4
3637,1878110.1
12833,3431048.5
6200,2458769.0
2153,2126014.5
11490,1973078.1
777,1519775.9
1834,977584.2
3175,1923159.6
468,4701035.5
2496,1215940.1
3852,3021428.0
1958,2664780.8
4758,2575442.2
2242,2871900.5
6146,3617359.2
1061,1819468.8
1116,931323.6
2297,6607516.5
12661,1139540.1
13,1441481.5
12339,2544959.2
8806,3422902.8
1748,3504965.0
10974,1064403.9
2034,2030045.9
185,1405360.0
1256,1217208.5
1975,1361907.1
779,1817555.1
8009,2125751.5
1186,2605890.2
846,1508133.5
10398,2258212.8
2987,2091747.2
3603,1386254.1
2444,2248543.8
12926,1622512.2
11316,1558837.4
4637,1470688.1
1265,1941669.5
5707,2450353.0
1767,2296048.0
9986,1184643.9
8239,2136191.8
2071,965269.4
7026,3061087.5
3489,1190194.0
2276,1646015.6
6209,5225310.5
10146,2239409.5
3736,2440497.8
2036,2418124.5
2796,1625659.5
1657,3385073.8
7726,6420071.0
872,1322145.8
3226,1650168.6
2357,1510429.6
4329,2016967.6
2760,1505168.0
2777,1165242.2
12894,2999012.5
7807,4275393.5
1059,1738649.1
241,1167188.2
1980,1301142.9
12437,2827312.5
363,825948.56
10005,1629806.6
2326,1537315.8
2267,1059490.5
7667,1382052.0
5527,2931699.8
8665,4065509.2
10566,3938818.2
7520,1535148.5
2051,1567560.0
12936,1851557.1
2560,1135943.1
1014,3547770.5
416,1513201.8
1079,1217880.0
2339,3400904.2
1337,1123022.8
12804,3689949.2
656,1194146.1
12470,2978717.2
417,1763567.2
12059,1373148.8
931,1552860.4
6440,3494970.2
8022,2264932.0
536,3257290.8
2014,3176677.2
3084,1748647.4
4996,2181060.2
3218,1191522.9
2196,3132217.8
1772,2146622.8
6821,1853086.9
1102,2834722.5
2492,686923.56
5024,2217005.0
46,1735157.2
1485,1548414.5
10935,2366798.5
1298,3379458.5
539,1280007.4
571,915488.7
10835,3477169.5
3146,2993188.2
8270,2041974.6
387,1463895.1
2219,1225066.0
11430,2213762.0
1293,988600.1
11660,1418747.2
12327,3439864.8
731,1437037.9
1065,2762255.5
2600,1788443.2
2766,1240802.4
4476,3091940.5
5615,4493831.5
2224,1273341.1
252,1247236.6
11331,2588145.0
10615,2560741.8
3479,1189006.6
1909,1311060.8
12268,1768981.8
5972,2980537.0
7998,4008200.0
1379,2504499.0
11167,2443084.5
2444,2522145.5
1294,2608541.0
8597,1016538.44
1550,3055495.5
3474,4177901.8
4856,1129537.9
2195,1282108.5
8593,2006616.6
493,2659669.8
9532,2379038.5
1760,2462615.5
2106,1682627.9
2921,838092.25
1089,3488403.0
3266,2088703.1
11065,4467430.0
2732,1471028.2
3499,2834112.5
3915,2341716.0
8496,3847125.8
2841,1394574.5
434,2619990.5
8389,2312741.8
7250,3192886.5
6683,3428063.2
4477,4162507.8
949,1843135.2
1575,2896199.0
236,1989714.2
575,2983063.5
2552,1980260.0
2780,750410.1
2044,1579471.1
989,1028840.0
3499,1388789.9
7088,2518040.8
691,1319512.4
2070,1821492.5
8261,1012705.75
2671,1840903.8
1253,2477499.0
141,4246981.0
2448,1061845.9
346,2852851.5
6002,2060553.6
835,1030752.8
3045,1447870.9
3599,2157300.5
762,1443351.6
3653,1412149.1
120,1972259.4
3129,3483068.8
11986,2058443.1
4960,2704082.8
8938,1778658.8
4470,1010451.44
9819,2255558.5
8632,1567901.2
2813,1254088.1
10061,2667967.5
11530,2616154.5
1708,2764543.8
3798,1388567.2
6353,2794455.5
3284,2198992.2
12795,2610337.8
10132,1260210.5
1742,1714588.1
498,1703685.9
278,1562509.9
988,1850739.2
2476,1788025.2
7928,2351431.2
3202,1267464.4
9007,3103690.8
3422,2114473.8
873,1011274.06
880,1758744.5
6773,1292866.0
7191,7258806.0
1768,1122395.9
12694,2323647.0
6996,2145571.8
1407,1354624.6
222,3494137.2
12653,1604349.4
377,2363249.8
3313,1651537.4
2475,1493046.9
3707,962823.06
3260,673360.0
11310,2260733.2
4031,6462731.5
2922,1806487.9
430,1821492.5
1034,1425902.6
2710,803501.0
8358,1943581.4
38,2240611.5
12593,1251861.4
996,1393979.1
7012,4731673.5
518,1012434.2
3724,755204.94
2277,1810558.1
11999,1995837.8
10782,3059517.5
3285,826870.2
1266,1771568.9
3528,1398259.2
10775,4736509.0
2574,1162833.6
12646,1394179.2
11983,3035176.2
148,1932494.9
1009,1894852.8
526,1263057.1
5414,2037681.9
5,3769242.2
3257,1421438.5
11654,2408717.0
2612,997450.06
8285,2371900.0
5431,1739525.9
2208,2450652.2
399,2757931.5
6006,3690375.8
12791,2766073.0
10807,2108096.0
1475,1388590.2
10870,2464886.5
10106,2002097.6
1340,2623339.2
3655,2453444.8
6747,1708420.5
4806,1335853.5
745,3000125.2
1735,3586654.5
6380,4537522.0
2554,2910508.5
4916,1577241.8
2428,2186086.2
3796,1724136.8
1915,2178244.5
6883,742774.8
4822,1063621.4
3505,3366244.5
4305,1519748.8
958,4820841.5
6313,1824674.2
5551,1282360.1
9471,2782455.2
5500,3919352.5
12356,1500443.2
11751,2012956.5
7379,2110176.8
594,1121659.1
2180,2208819.0
33,2262254.8
7557,1013216.25
2443,2163756.2
235,836551.06
12826,2511093.5
6629,2504689.2
5882,2851605.0
6461,2833387.2
2203,3266187.2
122,2685571.0
3961,2827263.8
1135,1943716.5
464,1260495.1
4695,3198336.2
533,1303126.1
8292,2537945.5
8602,1695068.9
124,2614360.2
494,2551316.2
11753,1379455.2
8702,2603997.8
1342,2317550.5
3405,2943523.2
5582,1389175.4
3979,1560171.2
775,1439555.4
9238,3039593.8
11508,1849550.0
27,2032517.1
6272,3114244.8
99,992668.8
5565,2848912.5
4936,2983736.5
3992,2045513.4
9187,3439283.8
6646,900983.2
1096,1642088.4
6230,2554318.2
1847,2013001.8
6,1851846.8
1872,3652913.5
5019,3312597.5
68,2366491.2
1521,2188447.8
3531,1232260.8
2200,2154007.0
942,1089887.5
10519,2892467.0
391,2400171.8
3727,1024481.2
997,2280151.0
9375,3183540.2
10481,3392931.2
3874,1078270.6
3638,774147.7
692,1497093.4
12324,2607887.5
1929,2455212.2
1561,2168736.8
2002,3236375.5
75,1060380.5
8928,2362224.2
11624,1392109.6
9384,1888060.2
8849,947112.4
8217,1700692.1
9553,2693928.5
2882,1772682.5
4537,1579502.4
2968,1435612.2
1660,1393056.5
65,1719548.5
2586,1835526.2
3622,2160124.0
10411,1398067.9
12568,1202833.5
3969,780179.8
3747,1593462.9
1133,2287026.5
8747,2553645.5
5904,3013386.5
12759,660919.7
10790,4323661.5
10242,3262547.2
10740,1751198.1
2283,2002919.2
2244,1247114.9
794,859649.56
1998,1428921.2
2819,1232385.8
1794,1720583.8
1302,1468555.4
10895,4518927.0
786,1280625.2
938,2011877.9
2965,1284008.6
490,2481974.5
2293,1595057.6
9386,1919166.8
11595,2637061.0
9751,2792012.2
1756,1698436.9
2380,1947176.6
11806,4817884.5
2593,1093141.6
4943,1307219.8
431,2453065.5
3126,1608493.1
2270,1749600.8
1335,1466935.8
6336,1752170.5
1075,2430046.8
4302,2087389.9
9520,2154638.8
1527,1268822.8
604,1955430.0
6247,3642422.8
1343,2242512.2
172,1279124.8
5903,2322069.0
2717,1473237.2
5854,772217.8
3771,4628799.5
1945,3536612.8
2136,1152684.8
2468,3106609.5
10508,3202371.5
8735,2744353.8
4748,4291444.0
127,806059.3
1076,1537581.5
473,816089.44
157,2298194.8
1656,1148320.0
1922,1418730.6
3132,2981637.2
6342,3309552.8
1286,1853951.4
2663,1105141.2
12940,1476964.1
5619,1085632.1
4530,1817965.5
5076,2005852.4
8,2188334.0
849,2414414.8
1137,1853110.6
1403,1146107.9
5345,2482870.5
491,2623800.8
3239,2094253.6
9804,2850640.0
11878,2670435.8
7481,1559142.6
1304,842129.4
1982,3232397.8
10559,5553910.0
6293,3660974.5
2565,2126532.0
612,4705329.5
11909,1539725.9
12050,3969074.8
1841,2917445.2
11522,1749150.6
1298,1457318.5
10222,4377715.0
3097,2651991.0
5137,1665494.0
2369,6300720.0
684,2631172.2
6580,1415253.4
1246,2104384.0
9843,3376440.5
3141,2755158.8
8004,2138162.2
5308,2715676.5
290,1102115.1
3220,1680716.2
6078,3858649.8
7220,2873481.0
7266,2810111.0
5806,2407640.5
3149,2013494.1
1555,1892412.5
1406,1395095.9
749,1180495.5
7430,2107405.0
11340,6227597.5
4056,948741.75
2478,1487287.6
204,918069.25
7864,1666966.8
3777,2095229.6
1927,1682198.4
1392,1290162.5
720,1739055.2
3989,1104612.6
2479,2324970.5
4017,1716089.4
2110,1205483.4
5821,3951136.8
3602,1068423.5
145,1603879.6
56,2486119.0
11495,1378848.1
2879,1595184.5
10218,1740521.6
1344,1121872.2
2908,1165126.9
5009,2364404.5
9204,1179901.4
1078,2864481.0
5334,3075967.8
1518,1293259.4
9801,2609081.8
1203,3908164.2
1500,1716657.5
6028,3290665.8
2882,1749543.2
8244,2856236.2
10256,2614952.8
2322,1033849.75
10825,2936731.2
72,1279478.4
12640,1556968.8
1762,3587161.2
9488,1787823.5
2928,3186928.8
11913,3514639.0
1711,5621055.0
3598,3789666.8
2571,1071406.8
5519,1000823.06
1820,2688757.5
1264,1731490.2
825,1649353.5
2506,3392931.2
6505,2535623.0
4210,1622517.6
1702,1060825.6
1247,1353845.5
10552,2114569.8
2311,2743291.0
9288,1106210.5
2980,2189573.0
2250,1341889.8
8069,2858464.5
697,1046102.2
8622,3336611.8
350,2670333.8
2373,5050705.5
8841,1665359.8
4614,1609792.9
660,3444402.8
2557,2327681.0
3649,2506402.8
12921,1182175.9
7799,3357621.8
3103,1261133.6
9268,1852944.5
2912,2542852.8
7173,1107980.4
3953,1663848.5
1750,1254640.8
3538,1512273.5
897,648570.8
388,1050820.4
9775,3813813.5
938,1012537.94
3556,2113676.0
398,1258874.8
2659,2620957.5
638,1959880.6
6954,1179704.5
4215,2591139.5
1223,2014472.4
2808,1367601.2
3602,2741176.0
7323,2547323.0
6593,3551510.8
3500,3930141.2
2339,1739525.9
1158,1316028.5
11684,2059097.1
388,2941924.2
12658,3850088.5
1014,4459765.5
2539,1111449.1
12569,2878206.2
12259,1266775.6
8284,2548335.0
2330,1487512.8
10672,1536341.9
2828,1093076.8
1990,1176747.5
8520,978211.1
18,1012027.9
1660,1991866.4
177,889972.25
665,1509026.4
3172,2738695.8
8599,1105339.4
2651,1980260.0
2690,1267845.4
4090,2274289.5
1781,1467873.2
11271,2374320.5
11802,2226821.8
10695,913989.7
11241,2839331.5
3483,1391111.4
572,1937990.8
3939,3074286.5
7146,1342872.8
2739,4137626.8
9232,8017857.0
4729,1224855.1
966,1670558.9
7115,1672924.0
1688,2905865.8
3098,1501977.9
7347,4586946.0
9549,2833412.0
6612,1817780.4
1252,5060816.0
3821,2275502.5
6657,1708398.6
12812,4658182.0
2135,2451944.5
1759,2315294.8
545,4124217.2
8863,2502179.5
6365,2399069.0
3711,2036477.6
7541,1595247.1
5720,1877636.5
1446,2879939.2
3791,2031132.8
3893,2382574.5
3775,1913154.8
1273,3589303.0
7025,2503283.8
7313,2004845.1
382,2015954.6
8639,2628483.5
9831,2563338.8
1007,1836966.4
6037,1750900.1
12605,2501544.2
619,1362586.9
1627,2357470.2
2530,3582934.8
1444,2129693.2
83,1716404.9
8915,3256358.5
3008,1663457.8
2610,1345148.5
457,1737520.6
11978,1548044.4
12365,2191089.2
3883,862123.6
2961,1824245.9
2421,2031007.2
2611,1228987.1
302,1699698.8
516,2065064.5
361,2675965.2
3466,1769913.9
11171,2977599.2
8543,3146686.8
201,1398636.0
10686,3073953.5
7306,979484.75
1528,1217036.4
330,1396232.0
12278,2029413.4
8108,2718488.2
3959,1404694.4
3719,2201455.2
4949,2757975.0
520,2798520.5
5474,2274571.8
152,1275560.1
3481,1236820.0
7991,1275941.9
12180,2078668.8
7640,1519500.9
1207,2375919.5
11905,1351701.1
2631,1038622.3
1109,1953400.6
3274,1799536.8
10133,1857440.4
12475,3498050.5
8365,5242287.5
12929,942524.56
2156,4891125.5
728,2406412.5
723,1172532.2
10673,2021371.1
1405,2031114.5
288,3633377.5
9366,4801224.5
3168,2804489.2
509,4840309.0
10112,2241504.5
221,2292109.0
2575,1692049.9
189,2802815.5
11173,1865544.4
8778,1754144.6
7078,2176128.2
308,1086939.2
4663,2590979.0
9209,2327320.2
9085,1661133.1
6557,1867103.9
2535,3032749.2
329,2221741.2
4631,1930098.9
1687,1595529.9
4026,801675.94
649,2155450.2
10457,1613267.5
7773,2867549.2
1639,1544576.9
8278,3155369.2
3498,2594117.2
921,1396149.1
11901,1552274.2
866,2255928.0
6398,5308653.0
543,2230091.5
2867,815508.1
8877,1191773.8
12316,1036285.44
1004,1951046.4
12332,2051552.8
5672,5330640.5
12417,1624067.2
9802,1638738.0
3471,3745087.5
752,1705839.1
760,1481382.4
1666,2281319.0
1950,1326408.8
1939,1223756.0
218,5632041.5
3506,1727246.0
3687,1614785.2
1023,1703644.5
7932,4018143.5
3755,1694204.6
295,1074978.9
510,1148668.1
6913,1294511.8
2142,1663729.1
1986,2742053.2
5659,1103555.9
10829,2772906.2
9539,1379958.9
3543,830023.9
10168,4128637.2
8139,2623279.2
9235,2824145.5
9062,2914383.8
3234,1422491.5
832,2063670.2
3350,1939604.0
11152,1146693.1
537,1761722.1
1902,813435.0
3099,2108096.0
1714,2519194.5
11668,3685108.8
404,2829593.8
4903,2223873.0
2753,2168736.8
7682,2925852.5
523,1557462.4
3693,2925436.2
1703,1672137.6
6291,4588928.5
2747,2599208.2
5277,2868365.2
8941,3751154.2
2850,1086406.1
2816,885930.8
8250,1526979.4
5327,2372198.8
7141,2357117.2
913,3325350.5
188,4124276.0
7922,1484714.1
2037,2894601.2
8646,1482669.4
3022,2228725.0
8704,2431591.2
1274,2977424.2
10169,4624282.5
3025,1573119.5
4271,3924594.5
4257,1112418.6
5926,1992392.2
2937,1258170.8
797,3678456.2
1715,2640374.8
1052,1387782.9
2919,2085190.1
261,1351831.9
1682,1634310.0
9018,882942.75
11204,1328121.5
940,1452842.0
6518,1090690.4
78,1445765.9
3860,1688301.6
12489,1995491.1
5354,3190815.5
3770,5050705.5
3487,1997939.9
3659,1224543.5
6944,4974355.0
2744,1249598.6
5679,1182869.9
1747,2698063.8
11683,2182964.8
226,1853098.8
2877,3064503.5
7914,2155679.8
11106,2022672.9
334,3313589.0
8237,2637006.2
768,1226638.9
1033,1861866.2
10681,1367197.9
2952,1992931.2
1380,1337281.2
875,2007938.6
1916,974300.9
1528,1260171.6
3354,752528.56
983,1114967.9
12884,1308271.5
117,2162760.8
4709,3078721.0
4520,1406824.8
10422,1115404.2
748,2821650.2
11611,3040933.2
1153,1771770.6
813,3239577.2
4700,2566664.0
2118,1596713.2
3692,2455632.0
3693,1177679.5
2903,3418920.8
987,1144425.6
8271,1018342.2
3659,1267101.1
2432,2020219.8
1280,1069715.9
3278,2272443.2
9459,1447513.9
812,2355498.2
3640,2756392.8
5661,2050078.0
11974,1723596.8
2292,2040280.9
1613,2119357.8
8315,2253002.8
5341,2110717.0
2574,3194039.5
8783,2604232.5
4863,2587145.8
8073,4894097.5
2838,2613071.5
574,2128835.2
1868,5047257.5
1576,2411455.8
3946,1973248.5
1615,1027160.44
2332,1328273.1
1178,5294899.5
38,1764567.5
10246,1576039.1
9530,2154193.5
392,1341947.2
1053,1353865.2
8410,1422743.2
6095,1426615.2
3584,1461459.5
2995,1820064.4
9081,1518263.2
11276,2054733.9
4139,6304759.0
1620,1465451.8
5841,1643370.4
9165,2334807.0
6058,1509386.5
783,2327479.5
6325,2250996.5
11330,3725453.5
12732,1489352.0
1778,4833675.0
1484,1501612.8
5373,2418987.2
3440,864762.4
12501,1811206.1
1054,822998.4
2687,1481346.8
1904,1436287.4
1497,2866653.2
591,1430318.1
639,1608621.9
567,3266513.0
10613,2734372.2
1273,2058684.9
8616,3936300.5
3722,955814.4
2890,887788.9
11636,3190367.0
6238,1596165.4
2677,2966812.8
3428,4397272.5
9376,2663690.8
2522,2789238.2
54,1244474.5
12447,2452793.5
2792,1079039.4
361,4969808.5
2803,3567616.5
7902,1986764.9
7462,4941586.0
1577,2052482.2
2035,1138746.8
3293,4358020.0
2586,3551855.5
4153,1097440.1
2075,1536835.6
7579,5457750.0
12139,1479801.6
4255,1881363.1
1021,1681608.9
8549,2082479.5
2694,1016305.06
1026,1227005.4
12153,2732767.8
1334,1918722.0
12057,1174843.8
1736,2570495.2
6656,4097469.8
2944,1003335.1
9586,1358239.2
8238,1593206.9
8769,1399093.2
1596,1853763.9
2099,1397013.5
945,1830393.8
3604,1667254.9
4420,1536616.8
5477,2275117.2
1349,1273646.1
12615,3513395.5
12561,2284981.8
970,1088729.9
5352,4080255.0
10750,1663853.5
2180,1015798.8
3178,2586330.2
2088,1694661.6
2,2083185.5
10324,2750445.2
155,976847.0
5724,2903910.5
758,1620483.6
7228,1908896.6
4889,3472656.5
11017,1908825.5
8304,3049885.2
9480,1935401.2
2736,1709294.4
5121,1509608.2
5622,2088777.1
760,2000371.9
8687,2887217.0
3867,3839376.8
2411,2314712.2
4086,2182003.2
12400,1661210.1
6797,1193283.6
1034,1746522.0
1783,3263328.2
2753,1922439.6
1920,2061397.5
10888,1243233.6
12513,2250555.8
5594,1793200.2
5812,1327778.4
5147,1725108.4
6057,2078588.2
6220,2129102.2
7145,2755311.2
6356,2338887.2
7028,1507635.9
3140,765554.25
9098,2808712.5
255,1613396.8
280,959400.6
2385,2723326.2
2943,3690375.8
5517,1750066.4
1024,1634469.5
103,2171120.8
7912,1935331.4
2161,3232363.0
8001,2368375.8
1260,965418.0
3938,1272018.2
3880,2439203.0
1691,1218466.1
2982,3274913.8
426,1697655.9
1168,1610370.6
966,3084630.5
883,1701049.8
12364,1276836.6
4765,1414683.1
2079,1832729.8
7711,1884602.2
1775,1454494.0
12559,3171959.0
2769,1002579.1
2980,1184640.2
795,2379473.5
2822,1536246.4
6553,1556178.1
691,1994259.1
760,2633679.0
963,1321312.9
1964,2270599.2
12886,5086284.5
9857,1532634.1
3880,1146712.9
12901,1876774.2
2717,1812261.2
10475,1353110.0
812,2862665.2
2926,1156205.9
10280,3517511.5
4843,2452628.2
1447,1459570.8
12175,1904813.2
708,1755771.9
2112,2881118.2
7628,1896508.1
6669,2652580.5
3299,2466327.0
3524,1380303.6
210,4076094.2
4604,5253773.5
1734,1820345.4
1047,2134093.5
5435,4008241.8
4340,2682137.0
9920,3870836.5
4132,1235289.9
3627,2575399.0
12031,2897373.8
331,1547766.2
5684,4264223.0
7512,2111200.2
1890,1147206.0
12741,2895888.8
5317,4617250.0
10892,1187177.4
403,2216286.8
9796,1393148.9
3682,772836.9
3056,2566972.8
527,1745147.4
8068,1463254.2
11102,1506209.9
2489,2893377.0
11036,2622372.0
3443,1758097.1
1341,1133779.5
4924,2243719.2
1459,1059420.2
7003,1865155.5
618,2163314.8
11087,1277835.8
11465,1982925.8
5074,1891669.6
1049,3230968.8
3275,1726627.1
12431,2062412.5
3135,1873783.5
11764,4347645.5
1115,6365778.5
853,1674196.9
12846,3565464.5
1392,2638081.0
6219,1875585.4
1641,1214881.4
11296,1511391.1
1410,1322715.1
3080,871301.1
1540,1376252.0
5919,1855345.5
11965,2528507.8
11035,1883098.5
2132,1606548.4
10426,3004956.8
8958,913511.94
3336,1913625.1
2343,5217155.5
5038,4018293.8
12628,2656517.0
6753,2662116.5
3879,3138558.8
6410,3438397.2
12582,2681515.2
4774,2109337.0
5109,2994435.0
1493,1033849.75
4796,1519139.9
441,1535207.8
3568,1817687.6
4618,1447467.5
394,2581228.2
9342,1517688.0
1552,3941504.8
570,1217880.0
3890,1179259.4
826,908659.3
11067,2630011.5
584,1297704.8
12019,2547323.0
9281,1654581.1
11258,1541964.5
1487,1408293.8
528,1845666.1
11928,2180949.8
6077,2051374.8
2550,1181846.6
3568,2304721.0
3338,1198618.2
66,1612880.4
15,1693565.8
11762,2850591.2
3575,1557827.8
3633,1218543.2
5617,2880145.5
2648,1666617.4
9896,1159856.9
12666,2070022.2
9847,2351596.8
1837,918031.56
2471,2990007.5
1324,1839439.9
6309,2459076.8
3174,4448175.5
595,926662.2
2108,985931.9
743,2686200.0
8693,2373642.8
685,2402209.8
1236,1068458.8
1552,2675965.2
12822,3522723.2
2705,1220941.5
6990,1315608.1
6901,2999012.5
9925,3232255.5
9067,3920946.2
1383,1363235.2
6915,1836966.4
8686,2821463.8
2396,1028273.4
11469,1286864.0
496,1324978.0
2446,1753920.0
7705,2452064.5
11563,4409448.5
11295,1735073.1
1498,1356119.2
1346,1881318.8
9337,1776751.6
1703,2092960.1
4957,2137721.8
10026,2167916.5
1828,951364.56
3384,1297617.9
6888,2192713.0
2527,1252884.0
1904,1964118.8
3311,1820114.6
3356,3134822.2
11689,3126552.5
5524,1653343.1
7838,2373299.2
9162,2926318.5
12446,2484749.5
8503,2525460.0
11088,1827174.2
2584,1382020.2
2642,1758994.6
3579,1480317.9
5110,1693684.4
3301,3368764.8
275,1063948.2
1466,1762955.6
12696,2713469.5
6265,1044919.75
9401,3204431.2
835,2988986.8
9862,2728409.5
9614,3047721.8
12949,2041307.2
7498,3302471.5
11752,2851221.2
878,2169228.0
8568,2203733.2
1360,2688577.2
2613,911101.75
552,1432406.8
1977,4582885.5
12244,2958993.2
451,1462150.4
1821,1299211.1
477,1711246.1
9419,1436124.6
8360,2284154.2
5421,2890337.2
2276,3367773.5
601,1122484.6
6297,4693016.0
2735,1828674.1
1721,1652032.2
877,843769.3
3046,3139775.2
8706,1124680.1
6376,1290372.0
6634,2952170.8
699,2390783.5
480,2115661.2
1170,1125401.6
2977,2381309.8
7983,2437644.2
791,1936630.4
10277,1075508.6
6076,2567029.2
2609,2195757.8
287,3428834.8
31,1584904.0
10323,3233146.2
626,1012393.4
191,1632766.1
6591,3226465.2
3522,1836520.4
710,1648206.9
5243,1842747.5
510,1426903.6
661,679861.06
7100,1068204.8
747,2034057.8
6132,2439993.8
10174,2420422.5
5257,2935398.2
9163,1944389.1
12967,2839033.2
12860,2182611.8
2369,1444463.8
1329,2544349.0
11608,1012095.1
657,4159320.5
3482,1089717.4
3045,1634497.6
920,2012350.8
3355,6391155.5
9723,3500418.8
4517,3756195.8
1674,1653867.5
11446,1435923.5
12117,5596451.5
380,1310678.4
80,786993.1
3058,1425343.9
2056,1878992.4
8551,2341658.2
3248,3346217.5
5120,2823214.5
3279,2424532.8
3714,771672.8
10336,3090113.5
2503,1153679.8
5104,2519252.5
5342,1330391.1
3308,1497364.5
1479,769436.06
2149,3319617.8
599,2751928.0
2430,1521873.6
4502,3505064.2
4299,2518379.8
1129,1483933.1
12330,2233898.8
6352,2773317.8
9633,4811445.0
3881,2252040.8
3032,3545789.5
1326,3351786.2
4518,5518902.5
8516,2219397.5
4585,1440591.1
6245,4046469.2
6204,2493066.8
7320,2250367.0
8613,2079323.8
2566,1259432.0
993,1462713.2
10355,1862331.5
7234,3415419.0
1546,4342221.5
5214,3745124.2
3049,1738153.9
3758,1651242.6
1193,1761295.6
9242,1871262.5
2592,1111317.1
2932,1293744.9
1046,936258.2
786,1117050.8
2990,1564869.6
11112,2937888.5
2393,1472545.5
2806,1678594.6
7345,1657590.4
3562,1838358.6
3367,1617999.1
8136,2182585.0
9117,2018997.9
1478,1231319.6
1336,911356.94
3187,4207778.5
424,2326710.2
4183,2360124.5
5975,2377513.2
1407,1692460.6
8039,2144933.5
3717,1030773.4
9326,1003156.3
4955,847690.25
10098,2919377.5
1374,1186706.6
3351,4150924.0
9321,1559737.4
9929,2072416.8
1371,2898117.2
2427,984145.75
7278,2512695.8
3036,1327944.6
3882,1642918.4
8254,1724342.4
12309,2140646.8
2721,1180834.9
2045,1510570.9
1143,3601296.5
310,1734716.0
6489,846196.4
1723,3788488.0
8931,2117089.2
980,1669891.9
6263,1679238.6
1588,2620438.2
3975,2027701.8
10307,3429505.5
5252,4372701.0
2771,1160872.4
3554,1674247.2
2472,1648452.8
5625,1403583.4
3316,3162577.5
11478,5424574.0
7585,2890682.8
4064,1651985.5
5247,1524542.8
1631,2963195.5
2512,1547154.6
1445,2565735.8
864,1449009.5
72,2697961.5
3418,2015244.5
10580,2751230.5
2133,1174566.0
5448,2614150.8
11708,2298880.0
890,2942332.2
11996,2829060.8
7069,2563303.2
2765,2413264.2
10402,1359527.9
4834,1932028.0
118,1175339.4
9329,1644133.1
2875,1606994.0
965,2329572.0
962,1385382.1
6617,2730878.8
6117,2367430.2
8654,1930449.2
4757,2975652.5
10763,2658755.2
7938,1405121.8
3271,943560.1
403,1752478.1
10042,3296452.5
12907,1337512.2
6997,4170375.8
3164,1563736.0
8016,1768321.9
9122,3909092.2
3170,1936887.6
6842,2446694.8
3102,2219605.8
1933,1542809.9
10857,2567033.0
4106,4581699.5
329,3422224.8
11931,1792658.9
797,1501912.0
11419,5050705.5
12280,1183507.4
9664,1800597.9
413,4212400.5
2787,807333.4
52,1356273.9
8794,2450409.2
4577,4572596.5
993,1905177.8
2835,1387683.4
590,1593986.6
2941,2362949.5
3033,1269090.6
5485,1179398.8
1863,2080895.6
59,1592621.6
2780,1105986.4
5768,3837806.8
5494,3514662.5
10605,1913306.6
2021,1350097.2
6279,1648206.9
385,3017362.8
2475,8614968.0
517,1377398.1
7929,1844688.9
8463,941722.44
10636,6973008.0
6758,1644550.0
4886,4463925.5
190,2906802.8
3582,2768569.2
2365,1593457.6
851,1688488.4
11003,2187045.8
2973,1482242.5
3945,836931.7
1463,2609928.0
12874,1950896.4
10268,1086837.8
1524,1331292.8
1934,1751804.5
2083,2404306.8
1443,1827325.8
1755,1518974.6
1375,1065891.4
78,3885266.8
1263,1839439.9
3674,1428921.2
2864,2620308.2
26,1224401.6
1541,1343111.6
7562,2107405.0
2010,1547317.4
324,2015090.0
8655,2472656.8
4235,2076881.1
111,1402278.9
771,1515920.9
1504,1327458.4
5525,3133020.0
3972,2190635.8
2435,656414.4
304,1934291.8
685,2304009.0
2067,2197054.5
10461,2419224.2
525,861867.75
2276,3575921.5
4902,3365551.0
10611,5949405.0
2695,2034657.4
6585,1543284.4
538,1230038.6
3526,2193252.5
7969,1779671.8
10261,2267177.5
8478,1833458.4
9408,2597004.0
2264,1401905.4
10631,1914928.5
3590,1773264.5
10798,1419394.1
2299,1329687.8
4733,1545636.8
2877,1282463.5
1843,1654854.1
931,1511160.1
9838,1387093.4
12702,1581501.1
1289,4056163.2
9252,5874718.0
11034,3163015.8
1816,984798.56
8344,1861748.5
6253,5767693.0
7194,1600850.4
1910,1820345.4
4300,1325829.1
1593,1531473.4
2908,1169603.4
1482,1900892.5
1440,1211148.2
7517,1823774.0
11645,2796201.8
6375,1910690.2
3971,1608505.4
9552,2413899.0
11189,4495502.0
8265,2778812.2
5624,1975976.0
3584,2387472.8
7769,2088189.1
972,1975726.4
5787,2503871.2
3380,1321717.2
213,2525460.0
7394,3358136.5
2745,3209067.2
3562,2202787.8
11332,2769426.2
12505,2888900.5
4177,1600476.9
2660,1745733.1
10823,1698556.2
2750,2258298.8
631,1400224.0
2038,1950804.5
84,2232551.2
6626,2699709.8
12242,2469043.2
1322,1515409.1
6866,2932280.2
10834,2137937.2
8283,2526636.2
6026,2098506.0
59,2386390.5
11995,1479274.4
3330,1474419.1
2316,2034174.8
6566,3718711.2
497,2035681.4
3647,1327536.8
2909,1178496.8
2794,860069.06
3037,1140804.0
2390,1905934.1
10497,2290997.0
11166,3007851.5
2627,1743075.2
3784,1932834.4
508,2231347.5
6943,2127162.2
12914,1765980.5
1554,5172916.5
77,2487011.8
867,1515521.4
1817,2646913.5
2572,1105319.4
10890,2066386.9
10986,3139117.0
1975,1717234.5
11756,2286857.2
1157,2509028.0
1631,1355870.4
428,2043252.6
11145,3801192.8
496,1503052.0
5102,2127634.0
7819,3545061.0
2518,1775030.0
2475,1775683.9
7424,1158407.8
3219,1510396.0
2222,1877631.4
4727,7343866.5
2279,978874.56
11770,4944428.5
2665,1016167.0
12410,2827308.0
12,1709236.8
1217,1432945.4
5702,2658649.5
3500,2170913.8
6763,2651713.2
5933,2390093.0
12971,2380071.8
8268,1331566.0
943,2472253.2
508,2709294.8
3705,2367323.0
3647,2188624.5
8183,2890699.8
3760,2088036.4
4907,2469873.5
7350,4496999.0
4154,2931751.5
216,1317081.1
3480,3385619.0
1729,1015698.75
1306,1782423.4
1591,1763204.5
10243,1742385.9
3626,1850342.5
2348,1705253.9
5248,3196120.2
9231,2153236.5
614,1780550.9
7436,2240167.0
1228,1428263.2
7966,1415587.4
2245,1618310.5
2382,3066798.2
7891,1810985.8
1075,1466305.9
1473,1631844.4
49,1645857.4
1027,2112493.8
3848,2967714.8
2252,2330381.0
596,1724892.2
4973,1261609.4
1786,860969.9
1264,1568960.5
596,792181.75
1888,1407787.2
7369,1920111.2
2235,1091410.4
2520,1082318.6
358,1247575.5
3430,1114967.9
10161,2977286.5
10652,4772551.0
11698,3985450.8
730,2319713.5
1157,1025403.94
22,1136157.6
10409,1820324.9
1850,5203188.5
1410,2206127.8
2288,967949.2
1159,1057315.6
8056,2041601.4
10799,1595584.9
7745,1400084.6
1536,1199291.2
2975,1337420.5
12420,3141021.5
2215,1055880.1
9125,1978123.8
12464,5016215.5
12870,2567525.5
11231,2104948.8
3464,1872165.9
5965,1568910.4
2824,865116.06
7299,2936784.0
8902,1928795.9
5799,2564200.5
5943,1857319.6
10120,2655713.8
268,1736317.4
5571,2163618.5
1008,2793996.8
9708,795871.3
11214,1197597.8
12033,3151432.0
1701,1302315.4
5709,1326633.4
3434,3020281.8
7099,2037347.9
4223,3666037.8
73,1614844.5
6880,926657.75
6741,2084833.1
4529,1984793.9
1776,1249322.1
2483,4628799.5
174,2057590.4
8584,2750850.2
934,1185704.5
668,2501069.0
11819,2110005.8
1461,2147000.2
400,1749660.1
276,1267679.6
1333,2583070.2
1694,5986418.5
10603,1740399.5
4006,4873009.5
11172,3454699.2
10717,2942476.2
4493,999648.56
8349,3415844.5
10707,3827336.0
2163,1275579.6
2160,2008264.0
5138,2347217.2
761,889188.9
707,1950040.9
2703,2369021.2
11801,1252599.8
3283,1250488.6
1628,2308671.8
9866,2611384.5
3329,1680690.9
10053,1854932.8
1000,2513424.2
533,2800784.0
6928,1672137.6
1391,2648914.2
616,1184128.1
141,1627259.2
9885,2669702.2
9244,1650097.8
8566,2682500.2
2902,1085112.5
1532,2107405.0
2870,1897551.2
858,2616539.5
7574,2753673.8
4550,1663853.5
2909,2893888.2
631,4326877.5
12053,1324411.2
8243,2133197.2
6795,3021889.0
287,1939546.1
7337,1945012.8
9494,1856288.9
7104,2435917.8
11251,1626298.5
4030,1267780.9
15,1193361.6
498,2587639.2
11199,1772055.2
3400,1504461.6
3921,1891676.5
6328,3266132.2
2762,2743124.5
3194,1417719.4
11161,3833268.2
183,1696460.2
2034,1163963.8
829,806890.94
11976,2416045.2
5054,4630139.0
2995,2611529.5
12743,1443153.2
6685,3019791.8
1872,1389488.6
4088,4037403.2
4978,2640526.5
6437,1925132.9
1489,2281055.2
2308,2725865.2
12616,2360246.5
2933,2428612.2
2614,971884.3
694,1791857.5
108,1136406.4
3616,1407800.1
2942,1456456.6
1843,2311596.2
1798,764945.44
6772,2018124.5
9544,2676190.8
12663,2265401.5
7886,1309754.2
4083,2890682.8
1516,1462861.1
9130,2679963.8
1139,1571393.9
11504,8902012.0
1950,1464709.8
8293,2083051.5
1663,4265559.0
10818,2651018.5
2580,1733158.9
3210,1079559.9
10800,1909771.5
10353,1722299.9
2092,1029704.9
359,810630.2
5025,2380395.5
6851,2693840.0
10060,1355028.5
3940,1560669.4
161,2020463.5
648,2989865.0
1715,1351183.6
6021,1825319.5
1701,1277744.5
3953,2868079.5
2542,1387769.9
509,1634397.9
821,2172684.5
4283,2376775.5
348,1509709.2
12348,1098055.2
11674,1901692.5
2511,1707815.9
3664,1421828.9
959,1084424.2
8767,1376901.6
1002,920823.2
773,1866111.2
1431,1404379.5
9166,1174306.5
2252,1825617.4
7631,3524076.2
3242,1547068.4
137,1715778.4
6920,1552036.9
5510,2486291.2
2509,1324428.9
6881,2895580.8
8247,2719193.5
10932,3919974.2
8524,1904530.6
6304,3275265.2
742,2178021.8
1317,1710635.6
3235,1071836.4
10181,2185897.2
3535,1851846.8
1693,1796919.4
2254,1446498.8
11696,2913575.0
7399,1342541.2
7770,2973769.5
5263,2798528.0
483,1028033.4
4378,2611859.0
7255,2173812.2
3260,3160393.0
7518,1920339.1
3093,1731897.8
5493,1354130.9
958,925796.6
2476,2631226.5
11851,1166697.2
5834,1664839.5
1130,1510429.6
7459,1306787.4
10248,1697852.1
2466,2066348.0
10257,7826658.0
9364,3481006.5
3089,7899120.0
1566,967161.3
9518,1690841.8
12035,1149590.9
2490,1431200.5
2983,1370997.4
2356,1759672.0
2545,1152444.8
3312,2012829.8
1117,1312023.6
23,1379003.9
1087,1198655.6
6386,1309822.4
7470,1635756.6
1757,2786552.5
9056,1173312.8
8483,1872524.8
2391,4498451.5
35,1969342.5
5355,4068203.8
9759,1824245.9
1304,2636693.8
3886,1197584.4
6818,2046369.1
2124,2070539.9
249,3592783.8
12953,2267675.2
630,1785559.8
10522,1563937.2
10338,1873481.8
3718,2593387.5
9797,1946717.1
2718,1654773.5
11744,2521516.2
11749,1853726.1
1809,1103339.5
3990,1416979.9
1349,1329030.5
3082,3485493.5
514,896871.2
2856,1447972.0
2166,1939604.0
4314,2367933.5
11408,4189932.0
2827,1622540.9
176,1726958.8
3062,2179140.8
7695,3663797.2
4571,2679632.2
11785,2480803.2
6579,2452474.2
2193,1768815.1
1756,1359130.8
11942,1084440.5
3891,4030512.0
8310,1782197.8
465,2045135.2
7066,1730279.5
10359,1550659.4
4403,3413911.0
10310,3044448.8
4643,4708146.0
3399,2108936.2
332,1433880.6
3319,1320111.9
2192,1808472.2
187,1693996.8
12995,2303113.5
4349,2386141.2
1218,1677040.8
10943,1641022.9
12675,2616330.5
384,1645892.4
2886,1537960.6
2544,1648352.9
609,2897361.0
2977,2049277.2
182,1337906.0
1150,1900921.2
472,2697475.0
12752,3472780.5
2807,1247884.9
2756,2402343.5
2456,4259575.5
3021,2400875.8
5145,4571405.5
1850,1076117.1
1598,5799295.0
9697,2530193.2
36,1693805.6
12179,1174059.2
3828,1536341.9
5180,2845319.0
3722,9857235.0
1261,2143567.2
2962,1281578.9
1151,807005.3
8080,1430457.1
1877,2428826.5
6478,1634625.2
3381,2990339.5
2965,1581456.8
10735,2406280.0
1070,2318444.2
3662,2029254.5
1344,860502.44
7354,2776194.2
461,3017362.8
703,1583908.2
7977,2512249.8
1266,1602461.4
4658,2260929.5
3878,2966367.2
1514,748125.0
3355,1334188.0
229,1540132.6
5023,1247575.5
2168,897508.0
3124,2310256.2
9118,3969074.8
7051,2236294.0
246,949948.25
2980,2363441.0
1651,1416746.4
6082,2532623.5
3089,2119047.2
7758,2526802.8
3777,3882849.5
7962,1857596.0
303,1457430.2
1689,2002967.4
1027,1419028.2
2646,1048134.4
2162,2728831.0
11461,845844.2
2844,967041.4
12933,2836061.8
1837,1459633.4
5775,3481343.8
11861,1424690.1
5386,2345139.2
7916,4044381.2
1895,2149917.5
961,1595529.9
528,1655795.2
8142,1933994.0
534,1053060.6
1053,3086620.2
12866,1996478.5
4320,2637051.0
8286,1374626.8
2664,1178496.8
1131,1117255.5
4134,2623339.2
4739,2056153.6
4970,2158616.0
11447,1813145.8
94,4678849.5
791,1209396.0
11671,4331058.5
11048,1547991.4
857,1344205.6
7945,4361704.5
12958,2959121.0
8436,1586457.2
6740,2313281.5
9078,1656248.9
274,2391131.2
12499,2442719.2
2948,3587116.0
1841,2554511.8
8889,990846.2
11591,1087152.1
1433,2506132.0
3028,2031057.6
8961,3067177.0
12487,1689313.8
7691,1774828.5
5612,2025550.6
11045,4245149.5
12317,3392569.0
4013,1991161.9
300,1576326.6
2035,2599464.2
3373,2424371.2
6713,1571614.2
1875,1456668.6
1121,911930.8
12909,1920126.4
9291,1825145.6
7949,2596454.8
2513,2023056.2
3785,735870.7
5967,1431007.5
2138,2505438.8
1035,1934399.8
8054,3760543.5
1973,3667282.2
457,2052033.5
10658,3752429.2
2813,838415.0
1926,1296702.4
10958,1984394.8
8219,2519194.5
2724,4504808.5
1067,3201600.8
7002,2422935.2
1414,1107368.5
10357,2060544.2
3774,3648704.0
2617,2319493.0
3817,1454209.9
289,2955251.8
11459,2205901.2
2956,1768981.8
722,1711177.6
6914,1274416.4
458,1275702.5
2968,2822059.0
3987,2012694.0
1602,1756831.9
214,1203142.1
756,1247649.5
12279,2336117.8
2355,1478155.1
11701,928780.2
658,1227415.8
6831,1389193.1
8177,1414194.1
3347,2416849.0
6999,5705813.5
623,1646707.1
1179,2203438.5
12118,4189838.5
5238,3222524.8
4862,1405680.8
1117,1233541.5
456,2360102.2
3514,1652389.4
12209,4061412.2
2190,1253339.9
2322,2150247.8
4759,2691931.8
4077,1207151.6
1485,1356759.8
4107,1387233.6
7975,4495578.0
6255,3234100.2
298,2161062.2
3812,2370296.5
12304,1827421.9
2901,1240954.2
192,4875430.0
8375,2941205.8
2885,1658091.1
5549,3459422.2
10196,3505153.5
633,2008264.0
5360,2382635.8
984,4549147.0
1099,1994074.4
8811,2564740.5
192,1103835.6
603,2630228.5
6803,2391388.8
9065,2557684.8
1043,1411814.4
1371,774811.2
5628,1415210.9
3644,2600659.8
6073,1620766.6
3793,2541255.8
7919,1520401.5
2121,1146693.5
1248,2272020.0
922,1556302.1
8195,1103339.5
4539,1913306.6
7801,2186506.5
1789,2993149.5
924,1105112.5
6817,2173420.2
12305,2201642.8
6653,1464202.4
10592,3082967.5
5511,2716258.2
2558,1882395.4
2657,1444657.1
314,4576689.5
2661,2586967.8
9527,1895496.0
3420,1295876.8
1622,1378478.9
9070,1589632.2
2407,1336283.4
3772,4360805.0
1858,1811870.1
5639,2701417.8
10954,5307703.5
2481,890626.25
5231,1689457.6
12798,3034288.0
3892,3885541.5
8873,2864611.0
1249,1517775.1
344,1972906.6
10811,2126273.8
9540,1105357.5
253,1697029.8
8123,887528.1
9578,2133613.2
2594,5837737.5
285,2433290.5
9157,3978557.8
2099,2821463.8
12714,2256112.0
919,2321113.8
4275,3261803.0
2984,1442915.4
9547,3028416.2
799,1450084.0
7065,3169613.0
1685,1332804.9
1699,1295704.4
4161,1913588.0
221,2808228.8
7243,2787776.8
1668,2549934.8
11679,3306140.5
964,2506000.0
11977,3554019.8
12718,5764826.0
2480,2099560.2
7697,2868389.2
2954,2783334.2
3934,1465144.5
1291,1667688.0
2055,811569.75
1386,4701928.5
1146,1226417.1
7005,2974293.5
284,1086101.1
12255,3023768.8
998,2092748.1
10518,1065822.6
1359,896857.56
990,1195771.5
163,1348018.6
3363,1541015.2
10,1385631.2
464,2183693.0
10299,741655.0
950,1028887.3
10419,2524121.2
9182,2983866.5
2432,1642076.4
12786,5052819.0
10055,1816640.2
4189,3013114.5
6811,1913414.9
856,1468343.1
3944,1192594.8
2049,1464643.4
1599,2358298.5
3510,1049215.5
2932,1294379.4
1973,4544819.0
10079,1302543.8
1312,972017.9
2155,840484.75
10804,1616807.9
1443,2533945.2
9465,1849344.5
3143,1182961.2
3163,1060957.5
5769,3600372.2
12764,2174354.0
10167,4226750.5
3875,1389200.4
259,1309563.1
4896,2305811.0
3137,1398636.0
521,1019327.94
7036,3499192.0
11881,5946939.0
4405,1708418.4
8708,1307942.9
2921,811054.75
2189,1736266.9
1399,966333.6
2662,1301380.2
7405,4231077.5
4850,1759271.9
8929,7195656.5
2976,3018853.8
2619,1162400.2
1186,978116.25
12450,1866344.5
7516,1343496.6
4866,5575737.0
817,1902764.8
2819,2157633.0
6627,1625858.0
3423,1362364.9
302,1306690.4
598,1775448.5
2486,1987013.4
4277,2825912.8
2434,1151761.5
10911,2292300.5
76,1785894.5
10213,1938436.0
3504,1916397.6
2379,2133500.8
3299,1941648.2
11604,3670082.8
11895,1921836.5
2353,2489545.2
5187,3443106.8
148,1071462.4
2567,1986258.0
8667,1921838.5
1866,1990058.2
8858,2298983.0
2263,3241120.0
1788,2044648.6
1433,2202135.5
7070,1667376.0
3760,1045141.25
332,2518247.5
923,1236350.4
1456,2801945.8
6725,3483208.2
9702,2069333.8
4543,2827421.2
3147,2374476.5
1827,1066256.6
174,1518469.2
5391,3778825.2
9031,1860505.8
2901,3138261.2
1790,1526683.9
6513,2220329.5
7148,2131492.2
4646,2175679.8
3578,894725.56
1080,1293309.8
5894,2280371.2
6331,1443901.2
1636,1825980.1
1040,4091322.5
3826,1724225.8
8879,2335598.5
2688,2862665.2
2514,1060825.6
89,2075445.1
1535,3797090.8
7341,2531092.0
2041,824851.06
362,827218.4
8426,3775725.5
3456,1650052.5
1797,2132953.2
4962,1788490.0
3040,4399220.5
3183,1455578.1
1661,2932444.2
10124,2339492.8
10435,2156544.8
3721,1713075.5
1995,1238788.9
9816,2145758.2
2383,871521.9
12272,1902072.9
1820,2340658.5
1699,1542392.0
1023,1482856.8
1890,1851100.2
3822,1183544.2
2957,1605484.2
4429,1302016.0
4022,2879131.2
3702,5874106.0
6401,1679081.5
932,2063592.6
4351,2766811.2
147,1587330.8
726,1006117.0
5460,2400070.5
8732,2570693.2
4292,2585665.5
9867,1864902.6
11816,2725596.5
2874,869412.44
3897,1670778.4
414,3069162.8
1991,2379733.8
2372,1106042.8
755,2253002.8
12246,1421184.8
6781,2117239.0
9694,2827590.5
3911,1140439.8
1725,2435508.2
3912,818342.6
1087,1192991.2
9496,1413560.2
1226,1116548.6
5383,3360196.8
9834,2123079.2
418,2463116.5
9621,1498645.9
879,11368511.0
3317,7859918.0
1612,1273647.6
3709,3170540.5
4505,2145609.8
11043,2966320.2
830,2469758.8
10141,2286040.5
1060,1358112.0
11130,2214727.8
2802,2883084.8
4999,2144043.2
2946,1278049.8
1194,1093213.6
11177,2594412.5
4990,4544106.0
7302,2083962.4
5996,2646616.5
5143,2454487.0
2502,1049835.1
1884,2908588.2
11305,2201829.0
1430,1755278.1
4439,1584450.5
10768,4523747.0
10560,1593027.5
539,1527051.8
9739,2749897.5
7493,1180884.2
2613,4660421.5
7420,2512581.2
5294,1708925.1
477,2338198.5
3181,1265909.9
5218,2744786.8
18,1283781.8
1960,1727312.6
7240,2553495.5
2826,2658459.2
1761,1579009.9
6276,2423734.2
2485,2260963.5
1509,2048507.9
10473,2918868.8
1365,6422238.5
3694,1341462.6
3973,1407761.6
2359,1693203.2
6690,4370475.0
7170,2313287.5
2441,1617999.1
2914,3025295.8
2739,1030732.9
115,1485829.6
2265,1515498.0
3253,3120192.2
990,4436440.5
2723,1397285.8
2112,1864353.2
1563,1453304.1
12122,7775229.0
2027,2677055.2
1476,1627954.6
4738,2297182.8
796,1793537.8
6205,1733423.4
6320,1059853.5
2199,1110680.2
2871,2199399.2
3218,1269755.6
646,2616931.0
2924,3602436.2
8782,2804681.8
5336,2286040.5
1604,3022865.0
3447,1474783.9
12206,2028207.1
2184,2830682.2
492,1318166.9
3186,4305871.0
1450,1738829.1
11566,1142429.5
10609,3875010.2
12270,1349212.4
8712,3248404.2
8619,1343710.8
647,1184518.1
11338,1351444.0
6654,1677910.6
11038,1500402.2
11813,1386884.2
12858,2154846.8
12503,1694825.5
2400,1385615.5
1312,1172111.8
6271,1856236.8
10172,5888539.0
2631,2236774.0
871,984818.8
8482,1082359.9
675,1388034.8
189,1587383.8
6939,1632632.0
3941,1411098.5
2246,1215569.4
1567,1419854.1
9939,1550926.9
1406,2139874.5
2868,1300330.8
2621,1257243.2
8186,1294869.4
8608,2778547.8
8128,1984006.8
10328,896727.9
504,2927935.0
312,1823447.5
1992,1922394.9
1514,5030157.0
12097,3291030.8
3166,807403.1
48,2851043.2
7670,1519860.5
2488,1026858.94
2953,1407335.5
6266,1494997.1
4578,2907445.8
12227,1264598.0
7597,2927161.5
889,2622548.2
7352,3232684.8
10948,1253583.9
6754,2139602.2
3211,1449046.1
8817,1795777.9
434,1010617.7
3856,1177823.6
47,1235794.6
3263,1097901.5
865,4064573.5
4897,2483913.0
4160,2463001.0
11299,3553355.8
10969,2675571.5
2222,2475707.8
8510,1348867.2
2849,1923687.8
1517,1267123.4
2581,2187700.2
5455,1434826.8
2515,2588402.2
8354,1318166.9
3678,2298339.5
3533,1365713.8
7560,3882028.0
2931,1535207.8
3009,4899780.5
12164,1908956.8
11593,1568835.6
90,2799239.0
2829,1939446.4
7856,3576213.5
1893,1699992.0
1978,2237689.2
4263,1618934.6
211,1944914.4
9634,1787543.8
884,4706566.0
9846,2449571.8
2298,1598768.6
6445,1856139.2
1447,2081750.4
82,2479015.2
5296,3922827.2
11775,1001169.0
2771,899331.1
1524,1332130.4
4181,2038643.5
681,1709787.8
1710,1142314.8
5179,1124680.1
5058,2743258.8
6416,1343023.6
111,1367270.8
3457,3535279.8
12425,1870161.5
1420,1587796.0
9955,2511972.2
428,1621130.1
12020,1352198.9
1886,2289183.0
8240,1536702.1
11949,2655637.8
2730,1035527.94
3412,3606768.2
12204,1083232.0
2358,1507167.2
1042,1069415.0
9737,3051643.0
6424,3441979.5
5516,2527336.5
2860,1660265.5
1814,2791725.0
620,1141008.4
10075,4933155.5
1960,2999474.5
8350,1824661.2
10630,2147451.2
895,942664.94
7789,1040980.94
11556,2004172.0
3296,1057054.0
1567,3373167.5
1131,989207.25
1136,1321860.1
1911,1287582.0
7792,1593103.8
534,1810985.8
3032,1152638.1
377,1419387.1
1372,1667688.0
2005,2337165.0
5501,2117500.5
289,1968065.5
9729,2012358.1
3790,4228699.5
3526,1241648.5
120,923097.2
11435,2564662.5
5621,2009764.5
10815,1700300.4
2656,1466054.6
5413,1798928.8
3293,1243036.6
7211,1592317.8
3210,3593777.2
6303,2622494.8
8457,2255495.0
2335,1658818.6
2478,2366493.5
12183,1488063.6
3683,2451565.5
12734,1987368.9
1180,2516821.2
11953,2077773.9
6423,6054741.5
9000,1790007.6
8956,1052301.6
134,4132816.8
3376,1667398.5
4155,1928795.9
206,2305429.2
1767,1341147.9
11092,1375997.6
4788,1102290.2
778,1467687.1
2881,2440229.5
4654,2719319.0
10192,5496024.0
12613,2162859.8
7899,2427874.2
1831,1527755.6
1272,1480253.8
10052,2754712.2
9022,3964154.2
3519,1675855.1
7368,993109.75
662,2251416.5
1187,1819436.8
312,2306047.5
8208,1668717.9
2176,1161344.6
2000,1188792.8
6729,1760525.9
12794,2208539.8
1199,1117762.6
793,1694033.6
4644,1600668.5
6850,940083.0
1488,1188551.6
1377,960375.4
3026,2251408.0
8585,1952233.4
1879,1514692.4
2681,1693731.5
9542,3574866.5
2734,2950952.0
3166,1432311.8
10719,2376367.8
1968,1083416.2
8085,3056832.0
5795,1050820.4
2140,2004909.8
11562,9667894.0
4913,1471335.9
4468,2468320.5
9427,1983314.4
4548,1307163.2
2494,1389773.4
3401,2207192.5
1684,2606937.0
1354,942339.0
10021,1755394.8
9423,1599909.5
227,1495163.2
12177,1277601.9
2727,1659648.4
3824,1220653.2
5642,2996373.0
6477,4570505.5
5953,1573982.2
8791,3235792.5
7441,3767737.0
11602,1120736.4
1048,1737748.6
2050,2630601.0
603,951443.7
3285,1315967.8
1389,1221412.8
1836,1071084.5
3994,980490.75
8185,2269491.0
2632,1552665.2
3758,4448960.5
675,3951508.2
1232,1211038.6
6779,2270492.5
10030,3297288.5
7908,2182480.0
3558,1415062.9
3861,1839596.6
6965,1571073.5
10731,2473768.2
6774,3276303.5
67,2481862.5
9551,2681879.5
12496,2627317.2
1121,1969901.1
305,1532266.8
11044,1248611.6
1416,1804594.8
3877,2425773.8
693,854369.25
9259,1960153.6
8780,1475809.2
8401,2735546.2
4584,1025212.44
1923,1688898.9
242,2930193.0
8491,4305847.5
60,2678661.8
1852,2208175.5
2939,1205538.9
3287,1456867.5
522,1738016.8
2971,1350810.2
12293,3369170.2
5282,2447437.2
32,1100604.2
8797,2302652.8
438,2128586.8
1449,964105.44
718,3093103.2
2850,745121.1
1896,1482655.8
3976,2135626.0
1968,2807502.8
12836,1315608.1
12750,2582408.5
1937,1307844.4
11526,3610828.5
3372,2423076.2
1793,1668767.2
1635,1433153.8
10451,2945440.8
8952,1449459.4
4838,2486518.5
1214,6735545.0
10316,1672982.8
8341,1129963.9
2537,2203917.2
9976,2968978.5
12124,2019677.2
5441,2880116.0
7825,2494830.5
3853,800444.0
1829,2351101.5
2079,1211167.8
2087,1696759.4
9613,2139547.2
10345,2742270.2
3191,1667790.9
2384,2902139.0
10389,1292421.8
4753,1917894.6
1612,3085330.5
12945,1214150.9
6363,2486943.0
4169,1700337.2
12172,2525930.8
5583,2118433.8
12950,8626098.0
6448,2161322.5
2406,1129201.1
1539,1652508.5
2531,3574670.2
7730,5132361.5
8829,1443128.0
4813,2016048.0
2570,2309188.2
8838,1994981.4
9158,1529851.9
910,3361745.5
1128,2549257.0
3565,4204070.0
5234,2651635.5
379,1023941.2
1999,3250217.5
4780,2425655.8
2499,2263905.5
12320,3921097.8
2772,1447016.2
2325,1314886.4
3133,1193049.5
3909,3437932.2
894,1988945.5
3639,793118.44
3576,2850705.2
1783,1108019.9
5099,1124027.2
943,1203478.5
7765,1141916.4
108,954533.8
242,2023103.1
1321,1615124.4
9492,1572897.2
2024,1322672.4
419,1846770.8
3344,1477998.6
998,3558793.8
9475,3392471.8
2770,2154052.2
4070,2038256.2
7752,2093976.5
770,1606994.0
5409,2205312.2
9821,2078624.0
4051,2247368.5
859,1385296.5
12296,1639772.0
8114,2238364.0
11815,2401898.8
6438,1666473.1
2342,2852580.5
10375,4519020.5
911,3964147.8
11516,3074893.2
11829,1809418.1
3702,1527852.2
3309,1074729.6
1825,1283252.2
9818,842911.7
9399,1922085.5
3391,2734272.8
860,1155420.1
376,2189573.0
8854,738614.75
3800,899568.3
1566,1886633.9
1994,3754736.2
2417,1115241.6
5350,1915179.4
2541,1971256.0
4820,2799616.8
5153,2241339.5
1628,2700864.8
11416,3114244.8
12539,1660349.5
8245,2957479.0
7746,2300515.2
7062,1853821.9
12092,4221808.0
3916,1811880.1
1569,1002889.3
1208,1328698.1
2696,2559006.8
8772,2297496.2
8532,2483032.8
1264,1183935.2
804,3479964.8
2949,1511881.4
3645,1385397.9
6156,2226615.2
2227,1753156.1
7993,2367948.0
4145,1838227.5
2314,2633933.0
2109,1914768.5
1954,2276887.5
2331,1386018.8
6020,1254517.2
601,1558335.9
6493,1640158.8
2648,2449924.0
183,1724820.6
4706,2197389.5
7850,1410741.6
7404,1871824.4
547,3654942.5
8681,3066203.2
3159,1632369.6
3020,2472995.5
1852,1994259.1
1966,2935178.5
1124,1082318.6
10944,4539657.5
11703,1168340.5
632,872182.1
5850,1951148.9
12875,1882798.6
8675,3050576.0
321,2651576.2
10619,1655212.5
4872,3526324.2
9788,889020.9
10183,2494830.5
807,1767639.9
2710,1498922.2
9667,2213066.0
598,895533.44
12577,2067868.5
7973,4564482.5
3345,2267545.0
1665,1088026.9
9572,2691828.0
3292,2122118.5
1589,1785482.5
10867,3532898.2
5980,2653557.8
2356,1192458.1
3159,1316274.4
1637,2397886.8
11333,1165251.4
123,1427775.4
2349,2330545.2
2974,1424181.8
3855,3277189.8
10505,2494737.0
11365,1224554.9
1131,1643982.8
1289,1628530.6
640,860969.9
7848,2487037.2
2854,1731574.2
854,2018472.0
2472,2767842.2
8366,2924786.5
3820,2026704.6
2412,3148509.8
3152,1217294.6
727,821634.75
10255,3485527.5
4927,1084891.6
9698,1623689.9
1990,1347020.6
10650,1420523.1
8433,2621011.2
454,1505754.5
1292,2582620.0
2381,2065984.5
11259,859519.8
551,2297934.8
6500,2614116.2
5041,1907057.1
6421,1101004.8
1452,1452038.2
3298,2399338.2
8826,2055845.5
1974,1387641.8
11312,1816640.2
1594,1722011.8
2416,2061989.5
10195,1910394.1
9455,1533990.4
11736,3262547.2
